INSERT INTO bdmarvelapi.events (id, available, collction_uri, returned) VALUES (1, '1', 'http://gateway.marvel.com/v1/public/characters/1011334/events', '1');
INSERT INTO bdmarvelapi.events (id, available, collction_uri, returned) VALUES (2, '0', 'http://gateway.marvel.com/v1/public/characters/1017100/events', '0');
INSERT INTO bdmarvelapi.events (id, available, collction_uri, returned) VALUES (3, '0', 'http://gateway.marvel.com/v1/public/characters/1009144/events', '0');
INSERT INTO bdmarvelapi.events (id, available, collction_uri, returned) VALUES (4, '0', 'http://gateway.marvel.com/v1/public/characters/1010699/events', '0');
INSERT INTO bdmarvelapi.events (id, available, collction_uri, returned) VALUES (5, '1', 'http://gateway.marvel.com/v1/public/characters/1009146/events', '1');
INSERT INTO bdmarvelapi.events (id, available, collction_uri, returned) VALUES (6, '0', 'http://gateway.marvel.com/v1/public/characters/1016823/events', '0');
INSERT INTO bdmarvelapi.events (id, available, collction_uri, returned) VALUES (7, '1', 'http://gateway.marvel.com/v1/public/characters/1009149/events', '1');
INSERT INTO bdmarvelapi.events (id, available, collction_uri, returned) VALUES (8, '1', 'http://gateway.marvel.com/v1/public/characters/1010903/events', '1');
INSERT INTO bdmarvelapi.events (id, available, collction_uri, returned) VALUES (9, '0', 'http://gateway.marvel.com/v1/public/characters/1011266/events', '0');
INSERT INTO bdmarvelapi.events (id, available, collction_uri, returned) VALUES (10, '8', 'http://gateway.marvel.com/v1/public/characters/1010354/events', '8');
INSERT INTO bdmarvelapi.events (id, available, collction_uri, returned) VALUES (11, '0', 'http://gateway.marvel.com/v1/public/characters/1010846/events', '0');
INSERT INTO bdmarvelapi.events (id, available, collction_uri, returned) VALUES (12, '0', 'http://gateway.marvel.com/v1/public/characters/1011297/events', '0');
INSERT INTO bdmarvelapi.events (id, available, collction_uri, returned) VALUES (13, '0', 'http://gateway.marvel.com/v1/public/characters/1011031/events', '0');
INSERT INTO bdmarvelapi.events (id, available, collction_uri, returned) VALUES (14, '0', 'http://gateway.marvel.com/v1/public/characters/1009150/events', '0');
INSERT INTO bdmarvelapi.events (id, available, collction_uri, returned) VALUES (15, '1', 'http://gateway.marvel.com/v1/public/characters/1011198/events', '1');
INSERT INTO bdmarvelapi.events (id, available, collction_uri, returned) VALUES (16, '0', 'http://gateway.marvel.com/v1/public/characters/1011175/events', '0');
INSERT INTO bdmarvelapi.events (id, available, collction_uri, returned) VALUES (17, '1', 'http://gateway.marvel.com/v1/public/characters/1011136/events', '1');
INSERT INTO bdmarvelapi.events (id, available, collction_uri, returned) VALUES (18, '1', 'http://gateway.marvel.com/v1/public/characters/1011176/events', '1');
INSERT INTO bdmarvelapi.events (id, available, collction_uri, returned) VALUES (19, '0', 'http://gateway.marvel.com/v1/public/characters/1010870/events', '0');
INSERT INTO bdmarvelapi.original_issue (id, name, resource_uri) VALUES (1, 'Marvel Premiere (1972) #35', 'http://gateway.marvel.com/v1/public/comics/10223');
INSERT INTO bdmarvelapi.characters_comics (id, description, diamond_code, digitalid, ean, format, isbn, issn, issuenumber, modified, page_count, resource_uri, title, upc, variant_description, comics, events, series, stories, id_thumbnail, id_characters) VALUES (1, 'Join 3-D MAN, CLOUD 9, KOMODO, HARDBALL, and heroes around America in the battle that will decide the fate of the planet and the future of the Initiative program. Will the Kill Krew Army win the day?', 'SEP082362', '10949', null, 'Comic', null, null, '19', '2021-04-26 21:46:36', 32, 'http://gateway.marvel.com/v1/public/comics/22506', 'Avengers: The Initiative (2007) #19', '5960606084-01911', null, 1, 1, 1, 1, 1, 1);
INSERT INTO bdmarvelapi.characters_stories (id, description, modified, resource_uri, title, type, id_characters, comics, creators, events, original_issue, series) VALUES (1, null, '2021-04-25 23:48:29', '"http://gateway.marvel.com/v1/public/stories/19947', 'Cover #19947', 'cover', 1, 1, null, 1, null, 1);
INSERT INTO bdmarvelapi.comics (id, available, collection_uri, returned) VALUES (1, '12', 'http://gateway.marvel.com/v1/public/characters/1011334/comics', '12');
INSERT INTO bdmarvelapi.comics (id, available, collection_uri, returned) VALUES (2, '3', 'http://gateway.marvel.com/v1/public/characters/1017100/comics', '3');
INSERT INTO bdmarvelapi.comics (id, available, collection_uri, returned) VALUES (3, '49', 'http://gateway.marvel.com/v1/public/characters/1009144/comics', '20');
INSERT INTO bdmarvelapi.comics (id, available, collection_uri, returned) VALUES (4, '14', 'http://gateway.marvel.com/v1/public/characters/1010699/comics', '14');
INSERT INTO bdmarvelapi.comics (id, available, collection_uri, returned) VALUES (5, '53', 'http://gateway.marvel.com/v1/public/characters/1009146/comics', '20');
INSERT INTO bdmarvelapi.comics (id, available, collection_uri, returned) VALUES (6, '2', 'http://gateway.marvel.com/v1/public/characters/1016823/comics', '2');
INSERT INTO bdmarvelapi.comics (id, available, collection_uri, returned) VALUES (7, '8', 'http://gateway.marvel.com/v1/public/characters/1009149/comics', '8');
INSERT INTO bdmarvelapi.comics (id, available, collection_uri, returned) VALUES (8, '3', 'http://gateway.marvel.com/v1/public/characters/1010903/comics', '3');
INSERT INTO bdmarvelapi.comics (id, available, collection_uri, returned) VALUES (9, '0', 'http://gateway.marvel.com/v1/public/characters/1011266/comics', '0');
INSERT INTO bdmarvelapi.comics (id, available, collection_uri, returned) VALUES (10, '187', 'http://gateway.marvel.com/v1/public/characters/1010354/comics', '20');
INSERT INTO bdmarvelapi.comics (id, available, collection_uri, returned) VALUES (11, '0', 'http://gateway.marvel.com/v1/public/characters/1010846/comics', '0');
INSERT INTO bdmarvelapi.comics (id, available, collection_uri, returned) VALUES (12, '22', 'http://gateway.marvel.com/v1/public/characters/1011297/comics', '20');
INSERT INTO bdmarvelapi.comics (id, available, collection_uri, returned) VALUES (13, '18', 'http://gateway.marvel.com/v1/public/characters/1011031/comics', '18');
INSERT INTO bdmarvelapi.comics (id, available, collection_uri, returned) VALUES (14, '28', 'http://gateway.marvel.com/v1/public/characters/1009150/comics', '20');
INSERT INTO bdmarvelapi.comics (id, available, collection_uri, returned) VALUES (15, '45', 'http://gateway.marvel.com/v1/public/characters/1011198/comics', '20');
INSERT INTO bdmarvelapi.comics (id, available, collection_uri, returned) VALUES (16, '0', 'http://gateway.marvel.com/v1/public/characters/1011175/comics', '0');
INSERT INTO bdmarvelapi.comics (id, available, collection_uri, returned) VALUES (17, '4', 'http://gateway.marvel.com/v1/public/characters/1011136/comics', '4');
INSERT INTO bdmarvelapi.comics (id, available, collection_uri, returned) VALUES (18, '4', 'http://gateway.marvel.com/v1/public/characters/1011176/comics', '4');
INSERT INTO bdmarvelapi.comics (id, available, collection_uri, returned) VALUES (19, '0', 'http://gateway.marvel.com/v1/public/characters/1010870/comics', '0');
INSERT INTO stories (id, available, collection_uri, returned) VALUES (1, '21', 'http://gateway.marvel.com/v1/public/characters/1011334/stories', '20');
INSERT INTO stories (id, available, collection_uri, returned) VALUES (2, '7', 'http://gateway.marvel.com/v1/public/characters/1017100/stories', '7');
INSERT INTO stories (id, available, collection_uri, returned) VALUES (3, '52', 'http://gateway.marvel.com/v1/public/characters/1009144/stories', '20');
INSERT INTO stories (id, available, collection_uri, returned) VALUES (4, '27', 'http://gateway.marvel.com/v1/public/characters/1010699/stories', '20');
INSERT INTO stories (id, available, collection_uri, returned) VALUES (5, '63', 'http://gateway.marvel.com/v1/public/characters/1009146/stories', '20');
INSERT INTO stories (id, available, collection_uri, returned) VALUES (6, '3', 'http://gateway.marvel.com/v1/public/characters/1016823/stories', '3');
INSERT INTO stories (id, available, collection_uri, returned) VALUES (7, '8', 'http://gateway.marvel.com/v1/public/characters/1009149/stories', '8');
INSERT INTO stories (id, available, collection_uri, returned) VALUES (8, '2', 'http://gateway.marvel.com/v1/public/characters/1010903/stories', '2');
INSERT INTO stories (id, available, collection_uri, returned) VALUES (9, '0', 'http://gateway.marvel.com/v1/public/characters/1011266/stories', '0');
INSERT INTO stories (id, available, collection_uri, returned) VALUES (10, '217', 'http://gateway.marvel.com/v1/public/characters/1010354/stories', '20');
INSERT INTO stories (id, available, collection_uri, returned) VALUES (11, '0', 'http://gateway.marvel.com/v1/public/characters/1010846/stories', '0');
INSERT INTO stories (id, available, collection_uri, returned) VALUES (12, '25', 'http://gateway.marvel.com/v1/public/characters/1011297/stories', '20');
INSERT INTO stories (id, available, collection_uri, returned) VALUES (13, '23', 'http://gateway.marvel.com/v1/public/characters/1011031/stories', '20');
INSERT INTO stories (id, available, collection_uri, returned) VALUES (14, '30', 'http://gateway.marvel.com/v1/public/characters/1009150/stories', '20');
INSERT INTO stories (id, available, collection_uri, returned) VALUES (15, '52', 'http://gateway.marvel.com/v1/public/characters/1011198/stories', '20');
INSERT INTO stories (id, available, collection_uri, returned) VALUES (16, '0', 'http://gateway.marvel.com/v1/public/characters/1011175/stories', '0');
INSERT INTO stories (id, available, collection_uri, returned) VALUES (17, '3', 'http://gateway.marvel.com/v1/public/characters/1011136/stories', '3');
INSERT INTO stories (id, available, collection_uri, returned) VALUES (18, '8', 'http://gateway.marvel.com/v1/public/characters/1011176/stories', '8');
INSERT INTO stories (id, available, collection_uri, returned) VALUES (19, '0', 'http://gateway.marvel.com/v1/public/characters/1010870/stories', '0');
INSERT INTO text_object (id, language, text, type, id_characters_comics) VALUES (1, 'en-us', 'Join 3-D MAN, CLOUD 9, KOMODO, HARDBALL, and heroes around America in the battle that will decide the fate of the planet and the future of the Initiative program. Will the Kill Krew Army win the day?', 'issue_preview_text', 1);
INSERT INTO text_object (id, language, text, type, id_characters_comics) VALUES (2, 'en-us', 'SECRET INVASION Tie-In! <br>"V-S DAY" <br>It''s been leading to this since the Hank Pym Skrull first came up with the idea for a Fifty State Initiative. This is the final assault in the Secret Invasion, a nation-wide plan that will test the limits of 3-D MAN''S superhuman militia, THE KILL KREW ARMY! Join 3-D MAN, CLOUD 9, KOMODO, HARDBALL, and heroes around America in the battle that will decide the fate of the planet and the future of the Initiative program. Win or lose, there''s no turning back. After today, everything changes. <br>Rated T+ ...$2.99 <br>', 'issue_solicit_text', 1);
INSERT INTO series (id, available, collection_uri, returned) VALUES (1, '3', 'http://gateway.marvel.com/v1/public/characters/1011334/series', '3');
INSERT INTO series (id, available, collection_uri, returned) VALUES (2, '2', 'http://gateway.marvel.com/v1/public/characters/1017100/series', '2');
INSERT INTO series (id, available, collection_uri, returned) VALUES (3, '33', 'http://gateway.marvel.com/v1/public/characters/1009144/series', '20');
INSERT INTO series (id, available, collection_uri, returned) VALUES (4, '3', 'http://gateway.marvel.com/v1/public/characters/1010699/series', '3');
INSERT INTO series (id, available, collection_uri, returned) VALUES (5, '26', 'http://gateway.marvel.com/v1/public/characters/1009146/series', '20');
INSERT INTO series (id, available, collection_uri, returned) VALUES (6, '2', 'http://gateway.marvel.com/v1/public/characters/1016823/series', '2');
INSERT INTO series (id, available, collection_uri, returned) VALUES (7, '3', 'http://gateway.marvel.com/v1/public/characters/1009149/series', '3');
INSERT INTO series (id, available, collection_uri, returned) VALUES (8, '3', 'http://gateway.marvel.com/v1/public/characters/1010903/series', '3');
INSERT INTO series (id, available, collection_uri, returned) VALUES (9, '0', 'http://gateway.marvel.com/v1/public/characters/1011266/series', '0');
INSERT INTO series (id, available, collection_uri, returned) VALUES (10, '81', 'http://gateway.marvel.com/v1/public/characters/1010354/series', '20');
INSERT INTO series (id, available, collection_uri, returned) VALUES (11, '0', 'http://gateway.marvel.com/v1/public/characters/1010846/series', '0');
INSERT INTO series (id, available, collection_uri, returned) VALUES (12, '6', 'http://gateway.marvel.com/v1/public/characters/1011297/series', '6');
INSERT INTO series (id, available, collection_uri, returned) VALUES (13, '3', 'http://gateway.marvel.com/v1/public/characters/1011031/series', '3');
INSERT INTO series (id, available, collection_uri, returned) VALUES (14, '9', 'http://gateway.marvel.com/v1/public/characters/1009150/series', '9');
INSERT INTO series (id, available, collection_uri, returned) VALUES (15, '13', 'http://gateway.marvel.com/v1/public/characters/1011198/series', '13');
INSERT INTO series (id, available, collection_uri, returned) VALUES (16, '0', 'http://gateway.marvel.com/v1/public/characters/1011175/series', '0');
INSERT INTO series (id, available, collection_uri, returned) VALUES (17, '3', 'http://gateway.marvel.com/v1/public/characters/1011136/series', '3');
INSERT INTO series (id, available, collection_uri, returned) VALUES (18, '1', 'http://gateway.marvel.com/v1/public/characters/1011176/series', '1');
INSERT INTO series (id, available, collection_uri, returned) VALUES (19, '0', 'http://gateway.marvel.com/v1/public/characters/1010870/series', '0');
INSERT INTO creators (id, available, collection_uri, returned) VALUES (1, '0', 'http://gateway.marvel.com/v1/public/stories/19949/creators', '0');
INSERT INTO response_invalid (id, code, message) VALUES (1, '409', 'Limit greater than 100.');
INSERT INTO response_invalid (id, code, message) VALUES (2, '409', 'Limit invalid or below 1.');
INSERT INTO response_invalid (id, code, message) VALUES (3, '409', 'Invalid value passed to filter');
INSERT INTO response_invalid (id, code, message) VALUES (4, '409', 'Invalid or unrecognized ordering parameter.');
INSERT INTO thumbnail (id, extension, path) VALUES (1, 'jpg', 'http://i.annihil.us/u/prod/marvel/i/mg/c/e0/535fecbbb9784');
INSERT INTO thumbnail (id, extension, path) VALUES (2, 'jpg', 'http://i.annihil.us/u/prod/marvel/i/mg/3/20/5232158de5b16');
INSERT INTO thumbnail (id, extension, path) VALUES (3, 'jpg', 'http://i.annihil.us/u/prod/marvel/i/mg/6/20/52602f21f29ec');
INSERT INTO thumbnail (id, extension, path) VALUES (4, 'jpg', 'http://i.annihil.us/u/prod/marvel/i/mg/b/40/image_not_available');
INSERT INTO thumbnail (id, extension, path) VALUES (5, 'jpg', 'http://i.annihil.us/u/prod/marvel/i/mg/9/50/4ce18691cbf04');
INSERT INTO thumbnail (id, extension, path) VALUES (6, 'jpg', 'http://i.annihil.us/u/prod/marvel/i/mg/b/40/image_not_available');
INSERT INTO thumbnail (id, extension, path) VALUES (7, 'jpg', 'http://i.annihil.us/u/prod/marvel/i/mg/9/30/535feab462a64');
INSERT INTO thumbnail (id, extension, path) VALUES (8, 'jpg', 'http://i.annihil.us/u/prod/marvel/i/mg/3/80/4c00358ec7548');
INSERT INTO thumbnail (id, extension, path) VALUES (9, 'jpg', 'http://i.annihil.us/u/prod/marvel/i/mg/b/40/image_not_available');
INSERT INTO thumbnail (id, extension, path) VALUES (10, 'jpg', 'http://i.annihil.us/u/prod/marvel/i/mg/a/f0/5202887448860');
INSERT INTO thumbnail (id, extension, path) VALUES (11, 'gif', 'http://i.annihil.us/u/prod/marvel/i/mg/5/e0/4c0035c9c425d');
INSERT INTO thumbnail (id, extension, path) VALUES (12, 'jpg', 'http://i.annihil.us/u/prod/marvel/i/mg/4/60/52695285d6e7e');
INSERT INTO thumbnail (id, extension, path) VALUES (13, 'jpg', 'http://i.annihil.us/u/prod/marvel/i/mg/b/40/image_not_available');
INSERT INTO thumbnail (id, extension, path) VALUES (14, 'jpg', 'http://i.annihil.us/u/prod/marvel/i/mg/f/60/4c0042121d790');
INSERT INTO thumbnail (id, extension, path) VALUES (15, 'jpg', 'http://i.annihil.us/u/prod/marvel/i/mg/9/a0/4ce18a834b7f5');
INSERT INTO thumbnail (id, extension, path) VALUES (16, 'jpg', 'http://i.annihil.us/u/prod/marvel/i/mg/b/40/image_not_available');
INSERT INTO thumbnail (id, extension, path) VALUES (17, 'jpg', 'http://i.annihil.us/u/prod/marvel/i/mg/b/40/image_not_available');
INSERT INTO thumbnail (id, extension, path) VALUES (18, 'jpg', 'http://i.annihil.us/u/prod/marvel/i/mg/2/80/4c002f35c5215');
INSERT INTO thumbnail (id, extension, path) VALUES (19, 'jpg', 'http://i.annihil.us/u/prod/marvel/i/mg/b/70/4c0035adc7d3a');
INSERT INTO characters (id, description, modified, name, resource_uri, comics, events, series, stories, id_thumbnail) VALUES (1, '', '2014-04-29 18:18:17', '3-D Man', 'http://gateway.marvel.com/v1/public/characters/1011334', 1, 1, 1, 1, 1);
INSERT INTO characters (id, description, modified, name, resource_uri, comics, events, series, stories, id_thumbnail) VALUES (2, 'Rick Jones has been Hulk''s best bud since day one, but now he''s more than a friend...he''s a teammate! Transformed by a Gamma energy explosion, A-Bomb''s thick, armored skin is just as strong and powerful as it is blue. And when he curls into action, he uses it like a giant bowling ball of destruction! ', '2013-09-18 19:54:04', 'A-Bomb (HAS)', 'http://gateway.marvel.com/v1/public/characters/1017100', 2, 2, null, 2, 2);
INSERT INTO characters (id, description, modified, name, resource_uri, comics, events, series, stories, id_thumbnail) VALUES (3, 'AIM is a terrorist organization bent on destroying the world.', '2013-10-17 18:41:30', 'A.I.M.', 'http://gateway.marvel.com/v1/public/characters/1009144', 3, 3, null, 3, 3);
INSERT INTO characters (id, description, modified, name, resource_uri, comics, events, series, stories, id_thumbnail) VALUES (4, '', '1970-01-01 00:00:00', 'Aaron Stack', 'http://gateway.marvel.com/v1/public/characters/1010699', 4, 4, null, 4, 4);
INSERT INTO characters (id, description, modified, name, resource_uri, comics, events, series, stories, id_thumbnail) VALUES (5, 'Formerly known as Emil Blonsky, a spy of Soviet Yugoslavian origin working for the KGB, the Abomination gained his powers after receiving a dose of gamma radiation similar to that which transformed Bruce Banner into the incredible Hulk.', '2012-03-20 16:32:12', 'Abomination (Emil Blonsky)', 'http://gateway.marvel.com/v1/public/characters/1009146', 5, 5, null, 5, 5);
INSERT INTO characters (id, description, modified, name, resource_uri, comics, events, series, stories, id_thumbnail) VALUES (6, '', '2012-07-10 23:11:52', 'Abomination (Ultimate)', 'http://gateway.marvel.com/v1/public/characters/1016823', 6, 6, null, 6, 6);
INSERT INTO characters (id, description, modified, name, resource_uri, comics, events, series, stories, id_thumbnail) VALUES (7, '', '2014-04-29 18:10:43', 'Abyss', 'http://gateway.marvel.com/v1/public/characters/1009149', 7, 7, null, 7, 7);
INSERT INTO characters (id, description, modified, name, resource_uri, comics, events, series, stories, id_thumbnail) VALUES (8, '', '1970-01-01 00:00:00', 'Abyss (Age of Apocalypse)', 'http://gateway.marvel.com/v1/public/characters/1010903', 8, 8, null, 8, 8);
INSERT INTO characters (id, description, modified, name, resource_uri, comics, events, series, stories, id_thumbnail) VALUES (9, '', '1970-01-01 00:00:00', 'Adam Destine', 'http://gateway.marvel.com/v1/public/characters/1011266', 9, 9, null, 9, 9);
INSERT INTO characters (id, description, modified, name, resource_uri, comics, events, series, stories, id_thumbnail) VALUES (10, 'Adam Warlock is an artificially created human who was born in a cocoon at a scientific complex called The Beehive.', '2013-08-07 17:49:06', 'Adam Warlock', 'http://gateway.marvel.com/v1/public/characters/1010354', 10, 10, null, 10, 10);
INSERT INTO characters (id, description, modified, name, resource_uri, comics, events, series, stories, id_thumbnail) VALUES (11, '', '1970-01-01 00:00:00', 'Aegis (Trey Rollins)', 'http://gateway.marvel.com/v1/public/characters/1010846', 11, 11, null, 11, 11);
INSERT INTO characters (id, description, modified, name, resource_uri, comics, events, series, stories, id_thumbnail) VALUES (12, '', '2013-10-24 17:09:30', 'Agent Brand', 'http://gateway.marvel.com/v1/public/characters/1011297', 12, 12, null, 12, 12);
INSERT INTO characters (id, description, modified, name, resource_uri, comics, events, series, stories, id_thumbnail) VALUES (13, 'Originally a partner of the mind-altering assassin Black Swan, Nijo spied on Deadpool as part of the Swan''s plan to exact revenge for Deadpool falsely taking credit for the Swan''s assassination of the Four Winds crime family, which included Nijo''s brother.', '1970-01-01 00:00:00', 'Agent X (Nijo)', 'http://gateway.marvel.com/v1/public/characters/1011031', 13, 13, null, 13, 13);
INSERT INTO characters (id, description, modified, name, resource_uri, comics, events, series, stories, id_thumbnail) VALUES (14, '', '1970-01-01 00:00:00', 'Agent Zero', 'http://gateway.marvel.com/v1/public/characters/1009150', 14, 14, null, 14, 14);
INSERT INTO characters (id, description, modified, name, resource_uri, comics, events, series, stories, id_thumbnail) VALUES (15, '', '2016-02-03 15:25:22', 'Agents of Atlas', 'http://gateway.marvel.com/v1/public/characters/1011198', 15, 15, null, 15, 15);
INSERT INTO characters_events (id, description, end, modified, resource_uri, start, title, type, id_characters, comics, creators, events, next, original_issue, previus, series) VALUES (1, 'The shape-shifting Skrulls have been infiltrating the Earth for years, replacing many of Marvel''s heroes with impostors, setting the stage for an all-out invasion.', '2021-04-26 00:47:43', '2021-04-26 00:47:33', 'http://gateway.marvel.com/v1/public/events/269', '2021-04-26 00:47:40', 'Secret Invasion', null, 1, 1, 1, 1, 1, 1, 1, 1);
INSERT INTO url (id, type, url, id_characters, id_ch_comics, id_characters_events) VALUES (1, 'txt', 'http://marvel.com/comics/issue/22506/avengers_the_initiative_2007_19?utm_campaign=apiRef&utm_source=ef101799cf31ee8122da4818e5bcf019', 1, 1,1);
INSERT INTO url (id, type, url, id_characters, id_ch_comics, id_characters_events) VALUES (2, 'detail', 'http://marvel.com/comics/issue/22506/avengers_the_initiative_2007_19?utm_campaign=apiRef&utm_source=ef101799cf31ee8122da4818e5bcf019', 1, 1,1);
INSERT INTO bdmarvelapi.item (id, name, resource_uri, type, id_comics, id_events, id_series, id_stories, id_creators) VALUES (1, 'Avengers: The Initiative (2007) #14', 'http://gateway.marvel.com/v1/public/comics/21366', null, 1, null, null, null, null);
INSERT INTO bdmarvelapi.item (id, name, resource_uri, type, id_comics, id_events, id_series, id_stories, id_creators) VALUES (2, 'Avengers: The Initiative (2007) #14 (SPOTLIGHT VARIANT)', 'http://gateway.marvel.com/v1/public/comics/24571', null, 1, null, null, null, null);
INSERT INTO bdmarvelapi.item (id, name, resource_uri, type, id_comics, id_events, id_series, id_stories, id_creators) VALUES (3, 'Avengers: The Initiative (2007) #15', 'http://gateway.marvel.com/v1/public/comics/21546', null, 1, null, null, null, null);
INSERT INTO bdmarvelapi.item (id, name, resource_uri, type, id_comics, id_events, id_series, id_stories, id_creators) VALUES (4, 'Avengers: The Initiative (2007) #16', 'http://gateway.marvel.com/v1/public/comics/21741', null, 1, null, null, null, null);
INSERT INTO bdmarvelapi.item (id, name, resource_uri, type, id_comics, id_events, id_series, id_stories, id_creators) VALUES (5, 'Avengers: The Initiative (2007) #17', 'http://gateway.marvel.com/v1/public/comics/21975', null, 1, null, null, null, null);
INSERT INTO bdmarvelapi.item (id, name, resource_uri, type, id_comics, id_events, id_series, id_stories, id_creators) VALUES (6, 'Avengers: The Initiative (2007) #18', 'http://gateway.marvel.com/v1/public/comics/22299', null, 1, null, null, null, null);
INSERT INTO bdmarvelapi.item (id, name, resource_uri, type, id_comics, id_events, id_series, id_stories, id_creators) VALUES (7, 'Avengers: The Initiative (2007) #18 (ZOMBIE VARIANT)', 'http://gateway.marvel.com/v1/public/comics/22300', null, 1, null, null, null, null);
INSERT INTO bdmarvelapi.item (id, name, resource_uri, type, id_comics, id_events, id_series, id_stories, id_creators) VALUES (8, 'Avengers: The Initiative (2007) #19', 'http://gateway.marvel.com/v1/public/comics/22506', null, 1, null, null, null, null);
INSERT INTO bdmarvelapi.item (id, name, resource_uri, type, id_comics, id_events, id_series, id_stories, id_creators) VALUES (9, 'Deadpool (1997) #44', 'http://gateway.marvel.com/v1/public/comics/8500', null, 1, null, null, null, null);
INSERT INTO bdmarvelapi.item (id, name, resource_uri, type, id_comics, id_events, id_series, id_stories, id_creators) VALUES (10, 'Marvel Premiere (1972) #35', 'http://gateway.marvel.com/v1/public/comics/10223', null, 1, null, null, null, null);
INSERT INTO bdmarvelapi.item (id, name, resource_uri, type, id_comics, id_events, id_series, id_stories, id_creators) VALUES (11, 'Marvel Premiere (1972) #36', 'http://gateway.marvel.com/v1/public/comics/10224', null, 1, null, null, null, null);
INSERT INTO bdmarvelapi.item (id, name, resource_uri, type, id_comics, id_events, id_series, id_stories, id_creators) VALUES (12, 'Marvel Premiere (1972) #37', 'http://gateway.marvel.com/v1/public/comics/10225', null, 1, null, null, null, null);
INSERT INTO bdmarvelapi.item (id, name, resource_uri, type, id_comics, id_events, id_series, id_stories, id_creators) VALUES (13, 'Secret Invasion', 'http://gateway.marvel.com/v1/public/events/269', null, null, 1, null, null, null);
INSERT INTO bdmarvelapi.item (id, name, resource_uri, type, id_comics, id_events, id_series, id_stories, id_creators) VALUES (14, 'Avengers: The Initiative (2007 - 2010)', 'http://gateway.marvel.com/v1/public/series/1945', null, null, null, 1, null, null);
INSERT INTO bdmarvelapi.item (id, name, resource_uri, type, id_comics, id_events, id_series, id_stories, id_creators) VALUES (15, 'Deadpool (1997 - 2002)', 'http://gateway.marvel.com/v1/public/series/2005', null, null, null, 1, null, null);
INSERT INTO bdmarvelapi.item (id, name, resource_uri, type, id_comics, id_events, id_series, id_stories, id_creators) VALUES (16, 'Marvel Premiere (1972 - 1981)', 'http://gateway.marvel.com/v1/public/series/2045', null, null, null, 1, null, null);
INSERT INTO bdmarvelapi.item (id, name, resource_uri, type, id_comics, id_events, id_series, id_stories, id_creators) VALUES (17, 'Cover #19947', 'http://gateway.marvel.com/v1/public/stories/19947', 'cover', null, null, null, 1, null);
INSERT INTO bdmarvelapi.item (id, name, resource_uri, type, id_comics, id_events, id_series, id_stories, id_creators) VALUES (18, 'The 3-D Man!', 'http://gateway.marvel.com/v1/public/stories/19948', 'interiorStory', null, null, null, 1, null);
INSERT INTO bdmarvelapi.item (id, name, resource_uri, type, id_comics, id_events, id_series, id_stories, id_creators) VALUES (19, 'Cover #19949', 'http://gateway.marvel.com/v1/public/stories/19949', 'cover', null, null, null, 1, null);
INSERT INTO bdmarvelapi.item (id, name, resource_uri, type, id_comics, id_events, id_series, id_stories, id_creators) VALUES (20, 'The Devil''s Music!', 'http://gateway.marvel.com/v1/public/stories/19950', 'interiorStory', null, null, null, 1, null);
INSERT INTO bdmarvelapi.item (id, name, resource_uri, type, id_comics, id_events, id_series, id_stories, id_creators) VALUES (21, 'Cover #19951', 'http://gateway.marvel.com/v1/public/stories/19951', 'cover', null, null, null, 1, null);
INSERT INTO bdmarvelapi.item (id, name, resource_uri, type, id_comics, id_events, id_series, id_stories, id_creators) VALUES (22, 'Code-name: The Cold Warrior!', 'http://gateway.marvel.com/v1/public/stories/19952', 'interiorStory', null, null, null, 1, null);
INSERT INTO bdmarvelapi.item (id, name, resource_uri, type, id_comics, id_events, id_series, id_stories, id_creators) VALUES (23, 'AVENGERS: THE INITIATIVE (2007) #14', 'http://gateway.marvel.com/v1/public/stories/47184', 'cover', null, null, null, 1, null);
INSERT INTO bdmarvelapi.item (id, name, resource_uri, type, id_comics, id_events, id_series, id_stories, id_creators) VALUES (24, 'Avengers: The Initiative (2007) #14 - Int', 'http://gateway.marvel.com/v1/public/stories/47185', 'interiorStory', null, null, null, 1, null);
INSERT INTO bdmarvelapi.item (id, name, resource_uri, type, id_comics, id_events, id_series, id_stories, id_creators) VALUES (25, 'AVENGERS: THE INITIATIVE (2007) #15', 'http://gateway.marvel.com/v1/public/stories/47498', 'cover', null, null, null, 1, null);
INSERT INTO bdmarvelapi.item (id, name, resource_uri, type, id_comics, id_events, id_series, id_stories, id_creators) VALUES (26, 'Avengers: The Initiative (2007) #15 - Int', 'http://gateway.marvel.com/v1/public/stories/47499', 'interiorStory', null, null, null, 1, null);
INSERT INTO bdmarvelapi.item (id, name, resource_uri, type, id_comics, id_events, id_series, id_stories, id_creators) VALUES (27, 'AVENGERS: THE INITIATIVE (2007) #16', 'http://gateway.marvel.com/v1/public/stories/47792', 'cover', null, null, null, 1, null);
INSERT INTO bdmarvelapi.item (id, name, resource_uri, type, id_comics, id_events, id_series, id_stories, id_creators) VALUES (28, 'Avengers: The Initiative (2007) #16 - Int', 'http://gateway.marvel.com/v1/public/stories/47793', 'interiorStory', null, null, null, 1, null);
INSERT INTO bdmarvelapi.item (id, name, resource_uri, type, id_comics, id_events, id_series, id_stories, id_creators) VALUES (29, 'AVENGERS: THE INITIATIVE (2007) #17', 'http://gateway.marvel.com/v1/public/stories/48361', 'cover', null, null, null, 1, null);
INSERT INTO bdmarvelapi.item (id, name, resource_uri, type, id_comics, id_events, id_series, id_stories, id_creators) VALUES (30, 'Avengers: The Initiative (2007) #17 - Int', 'http://gateway.marvel.com/v1/public/stories/48362', 'interiorStory', null, null, null, 1, null);
INSERT INTO bdmarvelapi.item (id, name, resource_uri, type, id_comics, id_events, id_series, id_stories, id_creators) VALUES (31, 'AVENGERS: THE INITIATIVE (2007) #18', 'http://gateway.marvel.com/v1/public/stories/49103', 'cover', null, null, null, 1, null);
INSERT INTO bdmarvelapi.item (id, name, resource_uri, type, id_comics, id_events, id_series, id_stories, id_creators) VALUES (32, 'Avengers: The Initiative (2007) #18 - Int', 'http://gateway.marvel.com/v1/public/stories/49104', 'interiorStory', null, null, null, 1, null);
INSERT INTO bdmarvelapi.item (id, name, resource_uri, type, id_comics, id_events, id_series, id_stories, id_creators) VALUES (33, 'Avengers: The Initiative (2007) #18, Zombie Variant - Int', 'http://gateway.marvel.com/v1/public/stories/49106', 'interiorStory', null, null, null, 1, null);
INSERT INTO bdmarvelapi.item (id, name, resource_uri, type, id_comics, id_events, id_series, id_stories, id_creators) VALUES (34, 'AVENGERS: THE INITIATIVE (2007) #19', 'http://gateway.marvel.com/v1/public/stories/49888', 'cover', null, null, null, 1, null);
INSERT INTO bdmarvelapi.item (id, name, resource_uri, type, id_comics, id_events, id_series, id_stories, id_creators) VALUES (35, 'Avengers: The Initiative (2007) #19 - Int', 'http://gateway.marvel.com/v1/public/stories/49889', 'interiorStory', null, null, null, 1, null);
INSERT INTO bdmarvelapi.item (id, name, resource_uri, type, id_comics, id_events, id_series, id_stories, id_creators) VALUES (36, 'Avengers: The Initiative (2007) #14, Spotlight Variant - Int', 'http://gateway.marvel.com/v1/public/stories/54371', 'interiorStory', null, null, null, 1, null);
INSERT INTO bdmarvelapi.item (id, name, resource_uri, type, id_comics, id_events, id_series, id_stories, id_creators) VALUES (37, 'Hulk (2008) #53', 'http://gateway.marvel.com/v1/public/comics/40632', null, 2, null, null, null, null);
INSERT INTO bdmarvelapi.item (id, name, resource_uri, type, id_comics, id_events, id_series, id_stories, id_creators) VALUES (38, 'Hulk (2008) #54', 'http://gateway.marvel.com/v1/public/comics/40630', null, 2, null, null, null, null);
INSERT INTO bdmarvelapi.item (id, name, resource_uri, type, id_comics, id_events, id_series, id_stories, id_creators) VALUES (39, 'Hulk (2008) #55', 'http://gateway.marvel.com/v1/public/comics/40628', null, 2, null, null, null, null);
INSERT INTO bdmarvelapi.item (id, name, resource_uri, type, id_comics, id_events, id_series, id_stories, id_creators) VALUES (40, 'FREE COMIC BOOK DAY 2013 1 (2013)', 'http://gateway.marvel.com/v1/public/series/17765', null, null, null, 2, null, null);
INSERT INTO bdmarvelapi.item (id, name, resource_uri, type, id_comics, id_events, id_series, id_stories, id_creators) VALUES (41, 'Hulk (2008 - 2012)', 'http://gateway.marvel.com/v1/public/series/3374', null, null, null, 2, null, null);
INSERT INTO bdmarvelapi.item (id, name, resource_uri, type, id_comics, id_events, id_series, id_stories, id_creators) VALUES (42, 'Hulk (2008) #55', 'http://gateway.marvel.com/v1/public/stories/92078', 'cover', null, null, null, 2, null);
INSERT INTO bdmarvelapi.item (id, name, resource_uri, type, id_comics, id_events, id_series, id_stories, id_creators) VALUES (43, 'Interior #92079', 'http://gateway.marvel.com/v1/public/stories/92079', 'interiorStory', null, null, null, 2, null);
INSERT INTO bdmarvelapi.item (id, name, resource_uri, type, id_comics, id_events, id_series, id_stories, id_creators) VALUES (44, 'Hulk (2008) #54', 'http://gateway.marvel.com/v1/public/stories/92082', 'cover', null, null, null, 2, null);
INSERT INTO bdmarvelapi.item (id, name, resource_uri, type, id_comics, id_events, id_series, id_stories, id_creators) VALUES (45, 'Interior #92083', 'http://gateway.marvel.com/v1/public/stories/92083', 'interiorStory', null, null, null, 2, null);
INSERT INTO bdmarvelapi.item (id, name, resource_uri, type, id_comics, id_events, id_series, id_stories, id_creators) VALUES (46, 'Hulk (2008) #53', 'http://gateway.marvel.com/v1/public/stories/92086', 'cover', null, null, null, 2, null);
INSERT INTO bdmarvelapi.item (id, name, resource_uri, type, id_comics, id_events, id_series, id_stories, id_creators) VALUES (47, 'Interior #92087', 'http://gateway.marvel.com/v1/public/stories/92087', 'interiorStory', null, null, null, 2, null);
INSERT INTO bdmarvelapi.item (id, name, resource_uri, type, id_comics, id_events, id_series, id_stories, id_creators) VALUES (48, 'cover from Free Comic Book Day 2013 (Avengers/Hulk) (2013) #1', 'http://gateway.marvel.com/v1/public/stories/105929', 'cover', null, null, null, 2, null);
INSERT INTO bdmarvelapi.item (id, name, resource_uri, type, id_comics, id_events, id_series, id_stories, id_creators) VALUES (49, 'Ant-Man & the Wasp (2010) #3', 'http://gateway.marvel.com/v1/public/comics/36763', null, 3, null, null, null, null);
INSERT INTO bdmarvelapi.item (id, name, resource_uri, type, id_comics, id_events, id_series, id_stories, id_creators) VALUES (50, 'Avengers (1998) #67', 'http://gateway.marvel.com/v1/public/comics/17553', null, 3, null, null, null, null);
INSERT INTO bdmarvelapi.item (id, name, resource_uri, type, id_comics, id_events, id_series, id_stories, id_creators) VALUES (51, 'Avengers (1963) #87', 'http://gateway.marvel.com/v1/public/comics/7340', null, 3, null, null, null, null);
INSERT INTO bdmarvelapi.item (id, name, resource_uri, type, id_comics, id_events, id_series, id_stories, id_creators) VALUES (52, 'Avengers and Power Pack Assemble! (2006) #2', 'http://gateway.marvel.com/v1/public/comics/4214', null, 3, null, null, null, null);
INSERT INTO bdmarvelapi.item (id, name, resource_uri, type, id_comics, id_events, id_series, id_stories, id_creators) VALUES (53, 'Avengers and Power Pack (2017) #3', 'http://gateway.marvel.com/v1/public/comics/63217', null, 3, null, null, null, null);
INSERT INTO bdmarvelapi.item (id, name, resource_uri, type, id_comics, id_events, id_series, id_stories, id_creators) VALUES (54, 'Avengers and Power Pack (2017) #4', 'http://gateway.marvel.com/v1/public/comics/63218', null, 3, null, null, null, null);
INSERT INTO bdmarvelapi.item (id, name, resource_uri, type, id_comics, id_events, id_series, id_stories, id_creators) VALUES (55, 'Avengers and Power Pack (2017) #5', 'http://gateway.marvel.com/v1/public/comics/63219', null, 3, null, null, null, null);
INSERT INTO bdmarvelapi.item (id, name, resource_uri, type, id_comics, id_events, id_series, id_stories, id_creators) VALUES (56, 'Avengers and Power Pack (2017) #6', 'http://gateway.marvel.com/v1/public/comics/63220', null, 3, null, null, null, null);
INSERT INTO bdmarvelapi.item (id, name, resource_uri, type, id_comics, id_events, id_series, id_stories, id_creators) VALUES (57, 'Avengers by Brian Michael Bendis: The Complete Collection Vol. 2 (Trade Paperback)', 'http://gateway.marvel.com/v1/public/comics/64790', null, 3, null, null, null, null);
INSERT INTO bdmarvelapi.item (id, name, resource_uri, type, id_comics, id_events, id_series, id_stories, id_creators) VALUES (58, 'Avengers Vol. 2: Red Zone (Trade Paperback)', 'http://gateway.marvel.com/v1/public/comics/1170', null, 3, null, null, null, null);
INSERT INTO bdmarvelapi.item (id, name, resource_uri, type, id_comics, id_events, id_series, id_stories, id_creators) VALUES (59, 'Avengers Vol. II: Red Zone (Trade Paperback)', 'http://gateway.marvel.com/v1/public/comics/1214', null, 3, null, null, null, null);
INSERT INTO bdmarvelapi.item (id, name, resource_uri, type, id_comics, id_events, id_series, id_stories, id_creators) VALUES (60, 'Captain America (1998) #28', 'http://gateway.marvel.com/v1/public/comics/12787', null, 3, null, null, null, null);
INSERT INTO bdmarvelapi.item (id, name, resource_uri, type, id_comics, id_events, id_series, id_stories, id_creators) VALUES (61, 'Captain America (1968) #132', 'http://gateway.marvel.com/v1/public/comics/7513', null, 3, null, null, null, null);
INSERT INTO bdmarvelapi.item (id, name, resource_uri, type, id_comics, id_events, id_series, id_stories, id_creators) VALUES (62, 'Captain America (1968) #133', 'http://gateway.marvel.com/v1/public/comics/7514', null, 3, null, null, null, null);
INSERT INTO bdmarvelapi.item (id, name, resource_uri, type, id_comics, id_events, id_series, id_stories, id_creators) VALUES (63, 'Captain America by Mark Waid, Ron Garney & Andy Kubert (Hardcover)', 'http://gateway.marvel.com/v1/public/comics/65466', null, 3, null, null, null, null);
INSERT INTO bdmarvelapi.item (id, name, resource_uri, type, id_comics, id_events, id_series, id_stories, id_creators) VALUES (64, 'Defenders (1972) #57', 'http://gateway.marvel.com/v1/public/comics/20367', null, 3, null, null, null, null);
INSERT INTO bdmarvelapi.item (id, name, resource_uri, type, id_comics, id_events, id_series, id_stories, id_creators) VALUES (65, 'Incredible Hulks (2010) #606 (VARIANT)', 'http://gateway.marvel.com/v1/public/comics/31068', null, 3, null, null, null, null);
INSERT INTO bdmarvelapi.item (id, name, resource_uri, type, id_comics, id_events, id_series, id_stories, id_creators) VALUES (66, 'Indestructible Hulk (2012) #3', 'http://gateway.marvel.com/v1/public/comics/46168', null, 3, null, null, null, null);
INSERT INTO bdmarvelapi.item (id, name, resource_uri, type, id_comics, id_events, id_series, id_stories, id_creators) VALUES (67, 'Iron Man (2012) #1', 'http://gateway.marvel.com/v1/public/comics/43944', null, 3, null, null, null, null);
INSERT INTO bdmarvelapi.item (id, name, resource_uri, type, id_comics, id_events, id_series, id_stories, id_creators) VALUES (68, 'Iron Man (1968) #295', 'http://gateway.marvel.com/v1/public/comics/9544', null, 3, null, null, null, null);
INSERT INTO bdmarvelapi.item (id, name, resource_uri, type, id_comics, id_events, id_series, id_stories, id_creators) VALUES (69, 'Ant-Man & the Wasp (2010 - 2011)', 'http://gateway.marvel.com/v1/public/series/13082', null, null, null, 3, null, null);
INSERT INTO bdmarvelapi.item (id, name, resource_uri, type, id_comics, id_events, id_series, id_stories, id_creators) VALUES (70, 'Avengers (1963 - 1996)', 'http://gateway.marvel.com/v1/public/series/1991', null, null, null, 3, null, null);
INSERT INTO bdmarvelapi.item (id, name, resource_uri, type, id_comics, id_events, id_series, id_stories, id_creators) VALUES (71, 'Avengers (1998 - 2004)', 'http://gateway.marvel.com/v1/public/series/354', null, null, null, 3, null, null);
INSERT INTO bdmarvelapi.item (id, name, resource_uri, type, id_comics, id_events, id_series, id_stories, id_creators) VALUES (72, 'Avengers and Power Pack (2017)', 'http://gateway.marvel.com/v1/public/series/23123', null, null, null, 3, null, null);
INSERT INTO bdmarvelapi.item (id, name, resource_uri, type, id_comics, id_events, id_series, id_stories, id_creators) VALUES (73, 'Avengers and Power Pack Assemble! (2006)', 'http://gateway.marvel.com/v1/public/series/1046', null, null, null, 3, null, null);
INSERT INTO bdmarvelapi.item (id, name, resource_uri, type, id_comics, id_events, id_series, id_stories, id_creators) VALUES (74, 'Avengers by Brian Michael Bendis: The Complete Collection Vol. 2 (2017)', 'http://gateway.marvel.com/v1/public/series/23600', null, null, null, 3, null, null);
INSERT INTO bdmarvelapi.item (id, name, resource_uri, type, id_comics, id_events, id_series, id_stories, id_creators) VALUES (75, 'Avengers Vol. 2: Red Zone (2003)', 'http://gateway.marvel.com/v1/public/series/227', null, null, null, 3, null, null);
INSERT INTO bdmarvelapi.item (id, name, resource_uri, type, id_comics, id_events, id_series, id_stories, id_creators) VALUES (76, 'Avengers Vol. II: Red Zone (2003)', 'http://gateway.marvel.com/v1/public/series/271', null, null, null, 3, null, null);
INSERT INTO bdmarvelapi.item (id, name, resource_uri, type, id_comics, id_events, id_series, id_stories, id_creators) VALUES (77, 'Captain America (1968 - 1996)', 'http://gateway.marvel.com/v1/public/series/1996', null, null, null, 3, null, null);
INSERT INTO bdmarvelapi.item (id, name, resource_uri, type, id_comics, id_events, id_series, id_stories, id_creators) VALUES (78, 'Captain America (1998 - 2002)', 'http://gateway.marvel.com/v1/public/series/1997', null, null, null, 3, null, null);
INSERT INTO bdmarvelapi.item (id, name, resource_uri, type, id_comics, id_events, id_series, id_stories, id_creators) VALUES (79, 'Captain America by Mark Waid, Ron Garney & Andy Kubert (2017)', 'http://gateway.marvel.com/v1/public/series/23810', null, null, null, 3, null, null);
INSERT INTO bdmarvelapi.item (id, name, resource_uri, type, id_comics, id_events, id_series, id_stories, id_creators) VALUES (80, 'Defenders (1972 - 1986)', 'http://gateway.marvel.com/v1/public/series/3743', null, null, null, 3, null, null);
INSERT INTO bdmarvelapi.item (id, name, resource_uri, type, id_comics, id_events, id_series, id_stories, id_creators) VALUES (81, 'Incredible Hulks (2010 - 2011)', 'http://gateway.marvel.com/v1/public/series/8842', null, null, null, 3, null, null);
INSERT INTO bdmarvelapi.item (id, name, resource_uri, type, id_comics, id_events, id_series, id_stories, id_creators) VALUES (82, 'Indestructible Hulk (2012 - 2014)', 'http://gateway.marvel.com/v1/public/series/16583', null, null, null, 3, null, null);
INSERT INTO bdmarvelapi.item (id, name, resource_uri, type, id_comics, id_events, id_series, id_stories, id_creators) VALUES (83, 'Iron Man (2012 - 2014)', 'http://gateway.marvel.com/v1/public/series/16593', null, null, null, 3, null, null);
INSERT INTO bdmarvelapi.item (id, name, resource_uri, type, id_comics, id_events, id_series, id_stories, id_creators) VALUES (84, 'Iron Man (1968 - 1996)', 'http://gateway.marvel.com/v1/public/series/2029', null, null, null, 3, null, null);
INSERT INTO bdmarvelapi.item (id, name, resource_uri, type, id_comics, id_events, id_series, id_stories, id_creators) VALUES (85, 'Iron Man Epic Collection: Doom (2018)', 'http://gateway.marvel.com/v1/public/series/23915', null, null, null, 3, null, null);
INSERT INTO bdmarvelapi.item (id, name, resource_uri, type, id_comics, id_events, id_series, id_stories, id_creators) VALUES (86, 'Marvel Adventures Super Heroes (2010 - 2012)', 'http://gateway.marvel.com/v1/public/series/9718', null, null, null, 3, null, null);
INSERT INTO bdmarvelapi.item (id, name, resource_uri, type, id_comics, id_events, id_series, id_stories, id_creators) VALUES (87, 'Marvel Masterworks: Captain America Vol. 1 - 2nd Edition (2003)', 'http://gateway.marvel.com/v1/public/series/189', null, null, null, 3, null, null);
INSERT INTO bdmarvelapi.item (id, name, resource_uri, type, id_comics, id_events, id_series, id_stories, id_creators) VALUES (88, 'MARVEL MASTERWORKS: CAPTAIN AMERICA VOL. 1 HC (2005)', 'http://gateway.marvel.com/v1/public/series/1506', null, null, null, 3, null, null);
INSERT INTO bdmarvelapi.item (id, name, resource_uri, type, id_comics, id_events, id_series, id_stories, id_creators) VALUES (89, 'Avengers and Power Pack Assemble! (2006) #2', 'http://gateway.marvel.com/v1/public/stories/5800', 'cover', null, null, null, 3, null);
INSERT INTO bdmarvelapi.item (id, name, resource_uri, type, id_comics, id_events, id_series, id_stories, id_creators) VALUES (90, '2 of 4 - 4XLS', 'http://gateway.marvel.com/v1/public/stories/5801', 'interiorStory', null, null, null, 3, null);
INSERT INTO bdmarvelapi.item (id, name, resource_uri, type, id_comics, id_events, id_series, id_stories, id_creators) VALUES (91, 'When the Unliving Strike', 'http://gateway.marvel.com/v1/public/stories/10253', 'interiorStory', null, null, null, 3, null);
INSERT INTO bdmarvelapi.item (id, name, resource_uri, type, id_comics, id_events, id_series, id_stories, id_creators) VALUES (92, 'Cover #10255', 'http://gateway.marvel.com/v1/public/stories/10255', 'cover', null, null, null, 3, null);
INSERT INTO bdmarvelapi.item (id, name, resource_uri, type, id_comics, id_events, id_series, id_stories, id_creators) VALUES (93, 'The Enemy Within!', 'http://gateway.marvel.com/v1/public/stories/10256', 'interiorStory', null, null, null, 3, null);
INSERT INTO bdmarvelapi.item (id, name, resource_uri, type, id_comics, id_events, id_series, id_stories, id_creators) VALUES (94, 'Death Before Dishonor!', 'http://gateway.marvel.com/v1/public/stories/10259', 'interiorStory', null, null, null, 3, null);
INSERT INTO bdmarvelapi.item (id, name, resource_uri, type, id_comics, id_events, id_series, id_stories, id_creators) VALUES (95, 'Cover #10261', 'http://gateway.marvel.com/v1/public/stories/10261', 'cover', null, null, null, 3, null);
INSERT INTO bdmarvelapi.item (id, name, resource_uri, type, id_comics, id_events, id_series, id_stories, id_creators) VALUES (96, 'The End of A.I.M.!', 'http://gateway.marvel.com/v1/public/stories/10262', 'interiorStory', null, null, null, 3, null);
INSERT INTO bdmarvelapi.item (id, name, resource_uri, type, id_comics, id_events, id_series, id_stories, id_creators) VALUES (97, 'The Red Skull Lives!', 'http://gateway.marvel.com/v1/public/stories/11921', 'interiorStory', null, null, null, 3, null);
INSERT INTO bdmarvelapi.item (id, name, resource_uri, type, id_comics, id_events, id_series, id_stories, id_creators) VALUES (98, 'He Who Holds the Cosmic Cube', 'http://gateway.marvel.com/v1/public/stories/11930', 'interiorStory', null, null, null, 3, null);
INSERT INTO bdmarvelapi.item (id, name, resource_uri, type, id_comics, id_events, id_series, id_stories, id_creators) VALUES (99, 'The Maddening Mystery of the Inconceivable Adaptoid!', 'http://gateway.marvel.com/v1/public/stories/11936', 'interiorStory', null, null, null, 3, null);
INSERT INTO bdmarvelapi.item (id, name, resource_uri, type, id_comics, id_events, id_series, id_stories, id_creators) VALUES (100, 'If This Be... Modok', 'http://gateway.marvel.com/v1/public/stories/11981', 'interiorStory', null, null, null, 3, null);
INSERT INTO bdmarvelapi.item (id, name, resource_uri, type, id_comics, id_events, id_series, id_stories, id_creators) VALUES (101, 'A Time to Die -- A Time to Live!', 'http://gateway.marvel.com/v1/public/stories/11984', 'interiorStory', null, null, null, 3, null);
INSERT INTO bdmarvelapi.item (id, name, resource_uri, type, id_comics, id_events, id_series, id_stories, id_creators) VALUES (102, 'At the Mercy of the Maggia', 'http://gateway.marvel.com/v1/public/stories/11995', 'interiorStory', null, null, null, 3, null);
INSERT INTO bdmarvelapi.item (id, name, resource_uri, type, id_comics, id_events, id_series, id_stories, id_creators) VALUES (103, 'Look Homeward, Avenger', 'http://gateway.marvel.com/v1/public/stories/15243', 'interiorStory', null, null, null, 3, null);
INSERT INTO bdmarvelapi.item (id, name, resource_uri, type, id_comics, id_events, id_series, id_stories, id_creators) VALUES (104, 'Captain America (1968) #132', 'http://gateway.marvel.com/v1/public/stories/17518', 'cover', null, null, null, 3, null);
INSERT INTO bdmarvelapi.item (id, name, resource_uri, type, id_comics, id_events, id_series, id_stories, id_creators) VALUES (105, 'The Fearful Secret of Bucky Barnes', 'http://gateway.marvel.com/v1/public/stories/17519', 'interiorStory', null, null, null, 3, null);
INSERT INTO bdmarvelapi.item (id, name, resource_uri, type, id_comics, id_events, id_series, id_stories, id_creators) VALUES (106, 'Captain America (1968) #133', 'http://gateway.marvel.com/v1/public/stories/17520', 'cover', null, null, null, 3, null);
INSERT INTO bdmarvelapi.item (id, name, resource_uri, type, id_comics, id_events, id_series, id_stories, id_creators) VALUES (107, 'Madness In the Slums', 'http://gateway.marvel.com/v1/public/stories/17521', 'interiorStory', null, null, null, 3, null);
INSERT INTO bdmarvelapi.item (id, name, resource_uri, type, id_comics, id_events, id_series, id_stories, id_creators) VALUES (108, 'In Sin Airy X', 'http://gateway.marvel.com/v1/public/stories/28233', 'interiorStory', null, null, null, 3, null);
INSERT INTO bdmarvelapi.item (id, name, resource_uri, type, id_comics, id_events, id_series, id_stories, id_creators) VALUES (109, 'Dark Avengers (2012) #177', 'http://gateway.marvel.com/v1/public/comics/40776', null, 4, null, null, null, null);
INSERT INTO bdmarvelapi.item (id, name, resource_uri, type, id_comics, id_events, id_series, id_stories, id_creators) VALUES (110, 'Dark Avengers (2012) #179', 'http://gateway.marvel.com/v1/public/comics/40773', null, 4, null, null, null, null);
INSERT INTO bdmarvelapi.item (id, name, resource_uri, type, id_comics, id_events, id_series, id_stories, id_creators) VALUES (111, 'Dark Avengers (2012) #180', 'http://gateway.marvel.com/v1/public/comics/40774', null, 4, null, null, null, null);
INSERT INTO bdmarvelapi.item (id, name, resource_uri, type, id_comics, id_events, id_series, id_stories, id_creators) VALUES (112, 'Dark Avengers (2012) #181', 'http://gateway.marvel.com/v1/public/comics/40778', null, 4, null, null, null, null);
INSERT INTO bdmarvelapi.item (id, name, resource_uri, type, id_comics, id_events, id_series, id_stories, id_creators) VALUES (113, 'Dark Avengers (2012) #182', 'http://gateway.marvel.com/v1/public/comics/40787', null, 4, null, null, null, null);
INSERT INTO bdmarvelapi.item (id, name, resource_uri, type, id_comics, id_events, id_series, id_stories, id_creators) VALUES (114, 'Dark Avengers (2012) #183', 'http://gateway.marvel.com/v1/public/comics/40786', null, 4, null, null, null, null);
INSERT INTO bdmarvelapi.item (id, name, resource_uri, type, id_comics, id_events, id_series, id_stories, id_creators) VALUES (115, 'Hulk (2008) #43', 'http://gateway.marvel.com/v1/public/comics/38073', null, 4, null, null, null, null);
INSERT INTO bdmarvelapi.item (id, name, resource_uri, type, id_comics, id_events, id_series, id_stories, id_creators) VALUES (116, 'Universe X (2000) #6', 'http://gateway.marvel.com/v1/public/comics/11910', null, 4, null, null, null, null);
INSERT INTO bdmarvelapi.item (id, name, resource_uri, type, id_comics, id_events, id_series, id_stories, id_creators) VALUES (117, 'Universe X (2000) #7', 'http://gateway.marvel.com/v1/public/comics/11911', null, 4, null, null, null, null);
INSERT INTO bdmarvelapi.item (id, name, resource_uri, type, id_comics, id_events, id_series, id_stories, id_creators) VALUES (118, 'Universe X (2000) #8', 'http://gateway.marvel.com/v1/public/comics/11912', null, 4, null, null, null, null);
INSERT INTO bdmarvelapi.item (id, name, resource_uri, type, id_comics, id_events, id_series, id_stories, id_creators) VALUES (119, 'Universe X (2000) #9', 'http://gateway.marvel.com/v1/public/comics/11913', null, 4, null, null, null, null);
INSERT INTO bdmarvelapi.item (id, name, resource_uri, type, id_comics, id_events, id_series, id_stories, id_creators) VALUES (120, 'Universe X (2000) #10', 'http://gateway.marvel.com/v1/public/comics/11903', null, 4, null, null, null, null);
INSERT INTO bdmarvelapi.item (id, name, resource_uri, type, id_comics, id_events, id_series, id_stories, id_creators) VALUES (121, 'Universe X (2000) #11', 'http://gateway.marvel.com/v1/public/comics/11904', null, 4, null, null, null, null);
INSERT INTO bdmarvelapi.item (id, name, resource_uri, type, id_comics, id_events, id_series, id_stories, id_creators) VALUES (122, 'Universe X (2000) #12', 'http://gateway.marvel.com/v1/public/comics/11905', null, 4, null, null, null, null);
INSERT INTO bdmarvelapi.item (id, name, resource_uri, type, id_comics, id_events, id_series, id_stories, id_creators) VALUES (123, 'Dark Avengers (2012 - 2013)', 'http://gateway.marvel.com/v1/public/series/789', null, null, null, 4, null, null);
INSERT INTO bdmarvelapi.item (id, name, resource_uri, type, id_comics, id_events, id_series, id_stories, id_creators) VALUES (124, 'Hulk (2008 - 2012)', 'http://gateway.marvel.com/v1/public/series/3374', null, null, null, 4, null, null);
INSERT INTO bdmarvelapi.item (id, name, resource_uri, type, id_comics, id_events, id_series, id_stories, id_creators) VALUES (125, 'Universe X (2000 - 2001)', 'http://gateway.marvel.com/v1/public/series/2085', null, null, null, 4, null, null);
INSERT INTO bdmarvelapi.item (id, name, resource_uri, type, id_comics, id_events, id_series, id_stories, id_creators) VALUES (126, 'Universe X (2000) #10', 'http://gateway.marvel.com/v1/public/stories/25634', 'cover', null, null, null, 4, null);
INSERT INTO bdmarvelapi.item (id, name, resource_uri, type, id_comics, id_events, id_series, id_stories, id_creators) VALUES (127, 'Interior #25635', 'http://gateway.marvel.com/v1/public/stories/25635', 'interiorStory', null, null, null, 4, null);
INSERT INTO bdmarvelapi.item (id, name, resource_uri, type, id_comics, id_events, id_series, id_stories, id_creators) VALUES (128, 'Universe X (2000) #12', 'http://gateway.marvel.com/v1/public/stories/25637', 'cover', null, null, null, 4, null);
INSERT INTO bdmarvelapi.item (id, name, resource_uri, type, id_comics, id_events, id_series, id_stories, id_creators) VALUES (129, 'Interior #25638', 'http://gateway.marvel.com/v1/public/stories/25638', 'interiorStory', null, null, null, 4, null);
INSERT INTO bdmarvelapi.item (id, name, resource_uri, type, id_comics, id_events, id_series, id_stories, id_creators) VALUES (130, 'Universe X (2000) #6', 'http://gateway.marvel.com/v1/public/stories/25647', 'cover', null, null, null, 4, null);
INSERT INTO bdmarvelapi.item (id, name, resource_uri, type, id_comics, id_events, id_series, id_stories, id_creators) VALUES (131, 'Interior #25648', 'http://gateway.marvel.com/v1/public/stories/25648', 'interiorStory', null, null, null, 4, null);
INSERT INTO bdmarvelapi.item (id, name, resource_uri, type, id_comics, id_events, id_series, id_stories, id_creators) VALUES (132, 'Universe X (2000) #7', 'http://gateway.marvel.com/v1/public/stories/25649', 'cover', null, null, null, 4, null);
INSERT INTO bdmarvelapi.item (id, name, resource_uri, type, id_comics, id_events, id_series, id_stories, id_creators) VALUES (133, 'Interior #25650', 'http://gateway.marvel.com/v1/public/stories/25650', 'interiorStory', null, null, null, 4, null);
INSERT INTO bdmarvelapi.item (id, name, resource_uri, type, id_comics, id_events, id_series, id_stories, id_creators) VALUES (134, 'Universe X (2000) #8', 'http://gateway.marvel.com/v1/public/stories/25651', 'cover', null, null, null, 4, null);
INSERT INTO bdmarvelapi.item (id, name, resource_uri, type, id_comics, id_events, id_series, id_stories, id_creators) VALUES (135, 'Interior #25652', 'http://gateway.marvel.com/v1/public/stories/25652', 'interiorStory', null, null, null, 4, null);
INSERT INTO bdmarvelapi.item (id, name, resource_uri, type, id_comics, id_events, id_series, id_stories, id_creators) VALUES (136, 'Universe X (2000) #9', 'http://gateway.marvel.com/v1/public/stories/25653', 'cover', null, null, null, 4, null);
INSERT INTO bdmarvelapi.item (id, name, resource_uri, type, id_comics, id_events, id_series, id_stories, id_creators) VALUES (137, 'Interior #25654', 'http://gateway.marvel.com/v1/public/stories/25654', 'interiorStory', null, null, null, 4, null);
INSERT INTO bdmarvelapi.item (id, name, resource_uri, type, id_comics, id_events, id_series, id_stories, id_creators) VALUES (138, 'Universe X (2000) #11', 'http://gateway.marvel.com/v1/public/stories/67100', 'cover', null, null, null, 4, null);
INSERT INTO bdmarvelapi.item (id, name, resource_uri, type, id_comics, id_events, id_series, id_stories, id_creators) VALUES (139, 'Hulk (2008) #43', 'http://gateway.marvel.com/v1/public/stories/89190', 'cover', null, null, null, 4, null);
INSERT INTO bdmarvelapi.item (id, name, resource_uri, type, id_comics, id_events, id_series, id_stories, id_creators) VALUES (140, 'Interior #90002', 'http://gateway.marvel.com/v1/public/stories/90002', 'interiorStory', null, null, null, 4, null);
INSERT INTO bdmarvelapi.item (id, name, resource_uri, type, id_comics, id_events, id_series, id_stories, id_creators) VALUES (141, 'Dark Avengers (2012) #179', 'http://gateway.marvel.com/v1/public/stories/92370', 'cover', null, null, null, 4, null);
INSERT INTO bdmarvelapi.item (id, name, resource_uri, type, id_comics, id_events, id_series, id_stories, id_creators) VALUES (142, 'Interior #92371', 'http://gateway.marvel.com/v1/public/stories/92371', 'interiorStory', null, null, null, 4, null);
INSERT INTO bdmarvelapi.item (id, name, resource_uri, type, id_comics, id_events, id_series, id_stories, id_creators) VALUES (143, 'Dark Avengers (2012) #180', 'http://gateway.marvel.com/v1/public/stories/92372', 'cover', null, null, null, 4, null);
INSERT INTO bdmarvelapi.item (id, name, resource_uri, type, id_comics, id_events, id_series, id_stories, id_creators) VALUES (144, 'Interior #92373', 'http://gateway.marvel.com/v1/public/stories/92373', 'interiorStory', null, null, null, 4, null);
INSERT INTO bdmarvelapi.item (id, name, resource_uri, type, id_comics, id_events, id_series, id_stories, id_creators) VALUES (145, 'Dark Avengers (2012) #177', 'http://gateway.marvel.com/v1/public/stories/92376', 'cover', null, null, null, 4, null);
INSERT INTO bdmarvelapi.item (id, name, resource_uri, type, id_comics, id_events, id_series, id_stories, id_creators) VALUES (146, 'Avengers (1998) #61', 'http://gateway.marvel.com/v1/public/comics/17547', null, 5, null, null, null, null);
INSERT INTO bdmarvelapi.item (id, name, resource_uri, type, id_comics, id_events, id_series, id_stories, id_creators) VALUES (147, 'Avengers (1998) #62', 'http://gateway.marvel.com/v1/public/comics/17548', null, 5, null, null, null, null);
INSERT INTO bdmarvelapi.item (id, name, resource_uri, type, id_comics, id_events, id_series, id_stories, id_creators) VALUES (148, 'Avengers Vol. 1: World Trust (Trade Paperback)', 'http://gateway.marvel.com/v1/public/comics/1098', null, 5, null, null, null, null);
INSERT INTO bdmarvelapi.item (id, name, resource_uri, type, id_comics, id_events, id_series, id_stories, id_creators) VALUES (149, 'Earth X (1999) #7', 'http://gateway.marvel.com/v1/public/comics/8557', null, 5, null, null, null, null);
INSERT INTO bdmarvelapi.item (id, name, resource_uri, type, id_comics, id_events, id_series, id_stories, id_creators) VALUES (150, 'EARTH X TPB [NEW PRINTING] (Trade Paperback)', 'http://gateway.marvel.com/v1/public/comics/4241', null, 5, null, null, null, null);
INSERT INTO bdmarvelapi.item (id, name, resource_uri, type, id_comics, id_events, id_series, id_stories, id_creators) VALUES (151, 'Hulk (2008) #3', 'http://gateway.marvel.com/v1/public/comics/20863', null, 5, null, null, null, null);
INSERT INTO bdmarvelapi.item (id, name, resource_uri, type, id_comics, id_events, id_series, id_stories, id_creators) VALUES (152, 'Hulk: Destruction (2005) #4', 'http://gateway.marvel.com/v1/public/comics/2499', null, 5, null, null, null, null);
INSERT INTO bdmarvelapi.item (id, name, resource_uri, type, id_comics, id_events, id_series, id_stories, id_creators) VALUES (153, 'Hulk (1999) #24', 'http://gateway.marvel.com/v1/public/comics/14424', null, 5, null, null, null, null);
INSERT INTO bdmarvelapi.item (id, name, resource_uri, type, id_comics, id_events, id_series, id_stories, id_creators) VALUES (154, 'Hulk (1999) #25', 'http://gateway.marvel.com/v1/public/comics/14425', null, 5, null, null, null, null);
INSERT INTO bdmarvelapi.item (id, name, resource_uri, type, id_comics, id_events, id_series, id_stories, id_creators) VALUES (155, 'Hulk (1999) #28', 'http://gateway.marvel.com/v1/public/comics/14428', null, 5, null, null, null, null);
INSERT INTO bdmarvelapi.item (id, name, resource_uri, type, id_comics, id_events, id_series, id_stories, id_creators) VALUES (156, 'Hulk (1999) #50', 'http://gateway.marvel.com/v1/public/comics/14450', null, 5, null, null, null, null);
INSERT INTO bdmarvelapi.item (id, name, resource_uri, type, id_comics, id_events, id_series, id_stories, id_creators) VALUES (157, 'Hulk (1999) #51', 'http://gateway.marvel.com/v1/public/comics/14451', null, 5, null, null, null, null);
INSERT INTO bdmarvelapi.item (id, name, resource_uri, type, id_comics, id_events, id_series, id_stories, id_creators) VALUES (158, 'Hulk (1999) #53', 'http://gateway.marvel.com/v1/public/comics/14453', null, 5, null, null, null, null);
INSERT INTO bdmarvelapi.item (id, name, resource_uri, type, id_comics, id_events, id_series, id_stories, id_creators) VALUES (159, 'Hulk (1999) #54', 'http://gateway.marvel.com/v1/public/comics/14454', null, 5, null, null, null, null);
INSERT INTO bdmarvelapi.item (id, name, resource_uri, type, id_comics, id_events, id_series, id_stories, id_creators) VALUES (160, 'Incredible Hulk (1962) #137', 'http://gateway.marvel.com/v1/public/comics/8948', null, 5, null, null, null, null);
INSERT INTO bdmarvelapi.item (id, name, resource_uri, type, id_comics, id_events, id_series, id_stories, id_creators) VALUES (161, 'Incredible Hulk (1962) #171', 'http://gateway.marvel.com/v1/public/comics/8982', null, 5, null, null, null, null);
INSERT INTO bdmarvelapi.item (id, name, resource_uri, type, id_comics, id_events, id_series, id_stories, id_creators) VALUES (162, 'Incredible Hulk (1962) #194', 'http://gateway.marvel.com/v1/public/comics/9005', null, 5, null, null, null, null);
INSERT INTO bdmarvelapi.item (id, name, resource_uri, type, id_comics, id_events, id_series, id_stories, id_creators) VALUES (163, 'Incredible Hulk (1962) #195', 'http://gateway.marvel.com/v1/public/comics/9006', null, 5, null, null, null, null);
INSERT INTO bdmarvelapi.item (id, name, resource_uri, type, id_comics, id_events, id_series, id_stories, id_creators) VALUES (164, 'Incredible Hulk (1962) #196', 'http://gateway.marvel.com/v1/public/comics/9007', null, 5, null, null, null, null);
INSERT INTO bdmarvelapi.item (id, name, resource_uri, type, id_comics, id_events, id_series, id_stories, id_creators) VALUES (165, 'Incredible Hulk (1962) #200', 'http://gateway.marvel.com/v1/public/comics/9011', null, 5, null, null, null, null);
INSERT INTO bdmarvelapi.item (id, name, resource_uri, type, id_comics, id_events, id_series, id_stories, id_creators) VALUES (166, 'Chaos War', 'http://gateway.marvel.com/v1/public/events/296', null, null, 5, null, null, null);
INSERT INTO bdmarvelapi.item (id, name, resource_uri, type, id_comics, id_events, id_series, id_stories, id_creators) VALUES (167, 'Avengers (1998 - 2004)', 'http://gateway.marvel.com/v1/public/series/354', null, null, null, 5, null, null);
INSERT INTO bdmarvelapi.item (id, name, resource_uri, type, id_comics, id_events, id_series, id_stories, id_creators) VALUES (168, 'Avengers Vol. 1: World Trust (2003)', 'http://gateway.marvel.com/v1/public/series/158', null, null, null, 5, null, null);
INSERT INTO bdmarvelapi.item (id, name, resource_uri, type, id_comics, id_events, id_series, id_stories, id_creators) VALUES (169, 'Earth X (1999 - 2000)', 'http://gateway.marvel.com/v1/public/series/378', null, null, null, 5, null, null);
INSERT INTO bdmarvelapi.item (id, name, resource_uri, type, id_comics, id_events, id_series, id_stories, id_creators) VALUES (170, 'EARTH X TPB [NEW PRINTING] (2006)', 'http://gateway.marvel.com/v1/public/series/1806', null, null, null, 5, null, null);
INSERT INTO bdmarvelapi.item (id, name, resource_uri, type, id_comics, id_events, id_series, id_stories, id_creators) VALUES (171, 'Hulk (1999 - 2008)', 'http://gateway.marvel.com/v1/public/series/465', null, null, null, 5, null, null);
INSERT INTO bdmarvelapi.item (id, name, resource_uri, type, id_comics, id_events, id_series, id_stories, id_creators) VALUES (172, 'Hulk (2008 - 2012)', 'http://gateway.marvel.com/v1/public/series/3374', null, null, null, 5, null, null);
INSERT INTO bdmarvelapi.item (id, name, resource_uri, type, id_comics, id_events, id_series, id_stories, id_creators) VALUES (173, 'Hulk: Destruction (2005)', 'http://gateway.marvel.com/v1/public/series/924', null, null, null, 5, null, null);
INSERT INTO bdmarvelapi.item (id, name, resource_uri, type, id_comics, id_events, id_series, id_stories, id_creators) VALUES (174, 'Incredible Hulk (1962 - 1999)', 'http://gateway.marvel.com/v1/public/series/2021', null, null, null, 5, null, null);
INSERT INTO bdmarvelapi.item (id, name, resource_uri, type, id_comics, id_events, id_series, id_stories, id_creators) VALUES (175, 'Incredible Hulk Annual (1976 - 1994)', 'http://gateway.marvel.com/v1/public/series/2983', null, null, null, 5, null, null);
INSERT INTO bdmarvelapi.item (id, name, resource_uri, type, id_comics, id_events, id_series, id_stories, id_creators) VALUES (176, 'Incredible Hulk Epic Collection: The Hulk Must Die (2017)', 'http://gateway.marvel.com/v1/public/series/22424', null, null, null, 5, null, null);
INSERT INTO bdmarvelapi.item (id, name, resource_uri, type, id_comics, id_events, id_series, id_stories, id_creators) VALUES (177, 'Incredible Hulk Vol. 4: Abominable (2003)', 'http://gateway.marvel.com/v1/public/series/212', null, null, null, 5, null, null);
INSERT INTO bdmarvelapi.item (id, name, resource_uri, type, id_comics, id_events, id_series, id_stories, id_creators) VALUES (178, 'Incredible Hulk Vol. IV: Abominable (2003)', 'http://gateway.marvel.com/v1/public/series/244', null, null, null, 5, null, null);
INSERT INTO bdmarvelapi.item (id, name, resource_uri, type, id_comics, id_events, id_series, id_stories, id_creators) VALUES (179, 'Incredible Hulks (2010 - 2011)', 'http://gateway.marvel.com/v1/public/series/8842', null, null, null, 5, null, null);
INSERT INTO bdmarvelapi.item (id, name, resource_uri, type, id_comics, id_events, id_series, id_stories, id_creators) VALUES (180, 'Iron Man (1998 - 2004)', 'http://gateway.marvel.com/v1/public/series/2572', null, null, null, 5, null, null);
INSERT INTO bdmarvelapi.item (id, name, resource_uri, type, id_comics, id_events, id_series, id_stories, id_creators) VALUES (181, 'Irredeemable Ant-Man (2006 - 2007)', 'http://gateway.marvel.com/v1/public/series/977', null, null, null, 5, null, null);
INSERT INTO bdmarvelapi.item (id, name, resource_uri, type, id_comics, id_events, id_series, id_stories, id_creators) VALUES (182, 'Irredeemable Ant-Man Vol. 1: Low-Life (2007)', 'http://gateway.marvel.com/v1/public/series/2423', null, null, null, 5, null, null);
INSERT INTO bdmarvelapi.item (id, name, resource_uri, type, id_comics, id_events, id_series, id_stories, id_creators) VALUES (183, 'Killraven (2002 - 2003)', 'http://gateway.marvel.com/v1/public/series/3722', null, null, null, 5, null, null);
INSERT INTO bdmarvelapi.item (id, name, resource_uri, type, id_comics, id_events, id_series, id_stories, id_creators) VALUES (184, 'KILLRAVEN PREMIERE HC (2007)', 'http://gateway.marvel.com/v1/public/series/2437', null, null, null, 5, null, null);
INSERT INTO bdmarvelapi.item (id, name, resource_uri, type, id_comics, id_events, id_series, id_stories, id_creators) VALUES (185, 'Marvel Cinematic Universe Guidebook: The Avengers Initiative (2017)', 'http://gateway.marvel.com/v1/public/series/21675', null, null, null, 5, null, null);
INSERT INTO bdmarvelapi.item (id, name, resource_uri, type, id_comics, id_events, id_series, id_stories, id_creators) VALUES (186, 'Marvel Masterworks: The Incredible Hulk Vol. 11 (2017)', 'http://gateway.marvel.com/v1/public/series/22327', null, null, null, 5, null, null);
INSERT INTO bdmarvelapi.item (id, name, resource_uri, type, id_comics, id_events, id_series, id_stories, id_creators) VALUES (187, '4 of 4 - 4XLS', 'http://gateway.marvel.com/v1/public/stories/4946', 'cover', null, null, null, 5, null);
INSERT INTO bdmarvelapi.item (id, name, resource_uri, type, id_comics, id_events, id_series, id_stories, id_creators) VALUES (188, 'Irredeemable Ant-Man (2006) #1', 'http://gateway.marvel.com/v1/public/stories/5496', 'cover', null, null, null, 5, null);
INSERT INTO bdmarvelapi.item (id, name, resource_uri, type, id_comics, id_events, id_series, id_stories, id_creators) VALUES (189, 'Cover #12370', 'http://gateway.marvel.com/v1/public/stories/12370', 'cover', null, null, null, 5, null);
INSERT INTO bdmarvelapi.item (id, name, resource_uri, type, id_comics, id_events, id_series, id_stories, id_creators) VALUES (190, 'Whosoever Harms the Hulk..!', 'http://gateway.marvel.com/v1/public/stories/12372', 'interiorStory', null, null, null, 5, null);
INSERT INTO bdmarvelapi.item (id, name, resource_uri, type, id_comics, id_events, id_series, id_stories, id_creators) VALUES (191, '[none]', 'http://gateway.marvel.com/v1/public/stories/18419', 'cover', null, null, null, 5, null);
INSERT INTO bdmarvelapi.item (id, name, resource_uri, type, id_comics, id_events, id_series, id_stories, id_creators) VALUES (192, 'The Stars Mine Enemy', 'http://gateway.marvel.com/v1/public/stories/18420', 'interiorStory', null, null, null, 5, null);
INSERT INTO bdmarvelapi.item (id, name, resource_uri, type, id_comics, id_events, id_series, id_stories, id_creators) VALUES (193, 'Incredible Hulk (1962) #171', 'http://gateway.marvel.com/v1/public/stories/18488', 'cover', null, null, null, 5, null);
INSERT INTO bdmarvelapi.item (id, name, resource_uri, type, id_comics, id_events, id_series, id_stories, id_creators) VALUES (194, 'Revenge', 'http://gateway.marvel.com/v1/public/stories/18489', '', null, null, null, 5, null);
INSERT INTO bdmarvelapi.item (id, name, resource_uri, type, id_comics, id_events, id_series, id_stories, id_creators) VALUES (195, 'Incredible Hulk (1962) #194', 'http://gateway.marvel.com/v1/public/stories/18534', 'cover', null, null, null, 5, null);
INSERT INTO bdmarvelapi.item (id, name, resource_uri, type, id_comics, id_events, id_series, id_stories, id_creators) VALUES (196, 'The Day of the Locust!', 'http://gateway.marvel.com/v1/public/stories/18535', 'interiorStory', null, null, null, 5, null);
INSERT INTO bdmarvelapi.item (id, name, resource_uri, type, id_comics, id_events, id_series, id_stories, id_creators) VALUES (197, 'Incredible Hulk (1962) #195', 'http://gateway.marvel.com/v1/public/stories/18536', 'cover', null, null, null, 5, null);
INSERT INTO bdmarvelapi.item (id, name, resource_uri, type, id_comics, id_events, id_series, id_stories, id_creators) VALUES (198, 'Warfare In Wonderland!', 'http://gateway.marvel.com/v1/public/stories/18537', 'interiorStory', null, null, null, 5, null);
INSERT INTO bdmarvelapi.item (id, name, resource_uri, type, id_comics, id_events, id_series, id_stories, id_creators) VALUES (199, 'Incredible Hulk (1962) #196', 'http://gateway.marvel.com/v1/public/stories/18538', 'cover', null, null, null, 5, null);
INSERT INTO bdmarvelapi.item (id, name, resource_uri, type, id_comics, id_events, id_series, id_stories, id_creators) VALUES (200, 'The Abomination Proclamation!', 'http://gateway.marvel.com/v1/public/stories/18539', 'interiorStory', null, null, null, 5, null);
INSERT INTO bdmarvelapi.item (id, name, resource_uri, type, id_comics, id_events, id_series, id_stories, id_creators) VALUES (201, 'Incredible Hulk (1962) #200', 'http://gateway.marvel.com/v1/public/stories/18546', 'cover', null, null, null, 5, null);
INSERT INTO bdmarvelapi.item (id, name, resource_uri, type, id_comics, id_events, id_series, id_stories, id_creators) VALUES (202, 'An Intruder In the Mind!', 'http://gateway.marvel.com/v1/public/stories/18547', 'interiorStory', null, null, null, 5, null);
INSERT INTO bdmarvelapi.item (id, name, resource_uri, type, id_comics, id_events, id_series, id_stories, id_creators) VALUES (203, 'Cover #18776', 'http://gateway.marvel.com/v1/public/stories/18776', 'cover', null, null, null, 5, null);
INSERT INTO bdmarvelapi.item (id, name, resource_uri, type, id_comics, id_events, id_series, id_stories, id_creators) VALUES (204, 'Incredible Hulk (1962) #364', 'http://gateway.marvel.com/v1/public/stories/18877', 'cover', null, null, null, 5, null);
INSERT INTO bdmarvelapi.item (id, name, resource_uri, type, id_comics, id_events, id_series, id_stories, id_creators) VALUES (205, 'Countdown Part 4: The Abomination', 'http://gateway.marvel.com/v1/public/stories/18878', 'interiorStory', null, null, null, 5, null);
INSERT INTO bdmarvelapi.item (id, name, resource_uri, type, id_comics, id_events, id_series, id_stories, id_creators) VALUES (206, 'Incredible Hulk (1962) #366', 'http://gateway.marvel.com/v1/public/stories/18881', 'cover', null, null, null, 5, null);
INSERT INTO bdmarvelapi.item (id, name, resource_uri, type, id_comics, id_events, id_series, id_stories, id_creators) VALUES (207, 'Hulk (2008) #50', 'http://gateway.marvel.com/v1/public/comics/40638', null, 6, null, null, null, null);
INSERT INTO bdmarvelapi.item (id, name, resource_uri, type, id_comics, id_events, id_series, id_stories, id_creators) VALUES (208, 'Ultimate X-Men (2001) #26', 'http://gateway.marvel.com/v1/public/comics/15717', null, 6, null, null, null, null);
INSERT INTO bdmarvelapi.item (id, name, resource_uri, type, id_comics, id_events, id_series, id_stories, id_creators) VALUES (209, 'Hulk (2008 - 2012)', 'http://gateway.marvel.com/v1/public/series/3374', null, null, null, 6, null, null);
INSERT INTO bdmarvelapi.item (id, name, resource_uri, type, id_comics, id_events, id_series, id_stories, id_creators) VALUES (210, 'Ultimate X-Men (2001 - 2009)', 'http://gateway.marvel.com/v1/public/series/474', null, null, null, 6, null, null);
INSERT INTO bdmarvelapi.item (id, name, resource_uri, type, id_comics, id_events, id_series, id_stories, id_creators) VALUES (211, 'Free Preview of THE INCREDIBLE HULK #50', 'http://gateway.marvel.com/v1/public/stories/31883', 'interiorStory', null, null, null, 6, null);
INSERT INTO bdmarvelapi.item (id, name, resource_uri, type, id_comics, id_events, id_series, id_stories, id_creators) VALUES (212, 'Hulk (2008) #50', 'http://gateway.marvel.com/v1/public/stories/92098', 'cover', null, null, null, 6, null);
INSERT INTO bdmarvelapi.item (id, name, resource_uri, type, id_comics, id_events, id_series, id_stories, id_creators) VALUES (213, 'Interior #92099', 'http://gateway.marvel.com/v1/public/stories/92099', 'interiorStory', null, null, null, 6, null);
INSERT INTO bdmarvelapi.item (id, name, resource_uri, type, id_comics, id_events, id_series, id_stories, id_creators) VALUES (214, 'Uncanny X-Men (1963) #402', 'http://gateway.marvel.com/v1/public/comics/13943', null, 7, null, null, null, null);
INSERT INTO bdmarvelapi.item (id, name, resource_uri, type, id_comics, id_events, id_series, id_stories, id_creators) VALUES (215, 'Uncanny X-Men (1963) #404', 'http://gateway.marvel.com/v1/public/comics/13945', null, 7, null, null, null, null);
INSERT INTO bdmarvelapi.item (id, name, resource_uri, type, id_comics, id_events, id_series, id_stories, id_creators) VALUES (216, 'Uncanny X-Men (1963) #405', 'http://gateway.marvel.com/v1/public/comics/13946', null, 7, null, null, null, null);
INSERT INTO bdmarvelapi.item (id, name, resource_uri, type, id_comics, id_events, id_series, id_stories, id_creators) VALUES (217, 'Uncanny X-Men (1963) #406', 'http://gateway.marvel.com/v1/public/comics/13947', null, 7, null, null, null, null);
INSERT INTO bdmarvelapi.item (id, name, resource_uri, type, id_comics, id_events, id_series, id_stories, id_creators) VALUES (218, 'Uncanny X-Men (1963) #429', 'http://gateway.marvel.com/v1/public/comics/13970', null, 7, null, null, null, null);
INSERT INTO bdmarvelapi.item (id, name, resource_uri, type, id_comics, id_events, id_series, id_stories, id_creators) VALUES (219, 'Uncanny X-Men (1963) #431', 'http://gateway.marvel.com/v1/public/comics/13972', null, 7, null, null, null, null);
INSERT INTO bdmarvelapi.item (id, name, resource_uri, type, id_comics, id_events, id_series, id_stories, id_creators) VALUES (220, 'X-Men: Alpha (1995) #1', 'http://gateway.marvel.com/v1/public/comics/12386', null, 7, null, null, null, null);
INSERT INTO bdmarvelapi.item (id, name, resource_uri, type, id_comics, id_events, id_series, id_stories, id_creators) VALUES (221, 'X-Men: The Complete Age of Apocalypse Epic Book 2 (Trade Paperback)', 'http://gateway.marvel.com/v1/public/comics/2539', null, 7, null, null, null, null);
INSERT INTO bdmarvelapi.item (id, name, resource_uri, type, id_comics, id_events, id_series, id_stories, id_creators) VALUES (222, 'Age of Apocalypse', 'http://gateway.marvel.com/v1/public/events/227', null, null, 7, null, null, null);
INSERT INTO bdmarvelapi.item (id, name, resource_uri, type, id_comics, id_events, id_series, id_stories, id_creators) VALUES (223, 'Uncanny X-Men (1963 - 2011)', 'http://gateway.marvel.com/v1/public/series/2258', null, null, null, 7, null, null);
INSERT INTO bdmarvelapi.item (id, name, resource_uri, type, id_comics, id_events, id_series, id_stories, id_creators) VALUES (224, 'X-Men: Alpha (1995)', 'http://gateway.marvel.com/v1/public/series/2104', null, null, null, 7, null, null);
INSERT INTO bdmarvelapi.item (id, name, resource_uri, type, id_comics, id_events, id_series, id_stories, id_creators) VALUES (225, 'X-Men: The Complete Age of Apocalypse Epic Book 2 (2005)', 'http://gateway.marvel.com/v1/public/series/1583', null, null, null, 7, null, null);
INSERT INTO bdmarvelapi.item (id, name, resource_uri, type, id_comics, id_events, id_series, id_stories, id_creators) VALUES (226, 'A Beginning', 'http://gateway.marvel.com/v1/public/stories/26281', 'interiorStory', null, null, null, 7, null);
INSERT INTO bdmarvelapi.item (id, name, resource_uri, type, id_comics, id_events, id_series, id_stories, id_creators) VALUES (227, 'Utility of Myth', 'http://gateway.marvel.com/v1/public/stories/28352', 'interiorStory', null, null, null, 7, null);
INSERT INTO bdmarvelapi.item (id, name, resource_uri, type, id_comics, id_events, id_series, id_stories, id_creators) VALUES (228, 'Army Ants', 'http://gateway.marvel.com/v1/public/stories/28356', 'interiorStory', null, null, null, 7, null);
INSERT INTO bdmarvelapi.item (id, name, resource_uri, type, id_comics, id_events, id_series, id_stories, id_creators) VALUES (229, 'Ballroom Blitzkrieg', 'http://gateway.marvel.com/v1/public/stories/28358', 'interiorStory', null, null, null, 7, null);
INSERT INTO bdmarvelapi.item (id, name, resource_uri, type, id_comics, id_events, id_series, id_stories, id_creators) VALUES (230, 'Staring Contests are for Suckers', 'http://gateway.marvel.com/v1/public/stories/28360', 'interiorStory', null, null, null, 7, null);
INSERT INTO bdmarvelapi.item (id, name, resource_uri, type, id_comics, id_events, id_series, id_stories, id_creators) VALUES (231, 'The Draco Part One: Sins of the Father', 'http://gateway.marvel.com/v1/public/stories/28407', 'interiorStory', null, null, null, 7, null);
INSERT INTO bdmarvelapi.item (id, name, resource_uri, type, id_comics, id_events, id_series, id_stories, id_creators) VALUES (232, 'The Draco Part Three', 'http://gateway.marvel.com/v1/public/stories/28411', 'interiorStory', null, null, null, 7, null);
INSERT INTO bdmarvelapi.item (id, name, resource_uri, type, id_comics, id_events, id_series, id_stories, id_creators) VALUES (233, 'The Draco Part Four', 'http://gateway.marvel.com/v1/public/stories/28413', 'interiorStory', null, null, null, 7, null);
INSERT INTO bdmarvelapi.item (id, name, resource_uri, type, id_comics, id_events, id_series, id_stories, id_creators) VALUES (234, 'Weapon X (1995) #1', 'http://gateway.marvel.com/v1/public/comics/18099', null, 8, null, null, null, null);
INSERT INTO bdmarvelapi.item (id, name, resource_uri, type, id_comics, id_events, id_series, id_stories, id_creators) VALUES (235, 'X-Men: Alpha (1995) #1', 'http://gateway.marvel.com/v1/public/comics/12386', null, 8, null, null, null, null);
INSERT INTO bdmarvelapi.item (id, name, resource_uri, type, id_comics, id_events, id_series, id_stories, id_creators) VALUES (236, 'X-Men: The Complete Age of Apocalypse Epic Book 2 (Trade Paperback)', 'http://gateway.marvel.com/v1/public/comics/2539', null, 8, null, null, null, null);
INSERT INTO bdmarvelapi.item (id, name, resource_uri, type, id_comics, id_events, id_series, id_stories, id_creators) VALUES (237, 'Age of Apocalypse', 'http://gateway.marvel.com/v1/public/events/227', null, null, 8, null, null, null);
INSERT INTO bdmarvelapi.item (id, name, resource_uri, type, id_comics, id_events, id_series, id_stories, id_creators) VALUES (238, 'Weapon X (1995)', 'http://gateway.marvel.com/v1/public/series/3635', null, null, null, 8, null, null);
INSERT INTO bdmarvelapi.item (id, name, resource_uri, type, id_comics, id_events, id_series, id_stories, id_creators) VALUES (239, 'X-Men: Alpha (1995)', 'http://gateway.marvel.com/v1/public/series/2104', null, null, null, 8, null, null);
INSERT INTO bdmarvelapi.item (id, name, resource_uri, type, id_comics, id_events, id_series, id_stories, id_creators) VALUES (240, 'X-Men: The Complete Age of Apocalypse Epic Book 2 (2005)', 'http://gateway.marvel.com/v1/public/series/1583', null, null, null, 8, null, null);
INSERT INTO bdmarvelapi.item (id, name, resource_uri, type, id_comics, id_events, id_series, id_stories, id_creators) VALUES (241, 'X-Men: Alpha (1994) #1', 'http://gateway.marvel.com/v1/public/stories/26280', 'cover', null, null, null, 8, null);
INSERT INTO bdmarvelapi.item (id, name, resource_uri, type, id_comics, id_events, id_series, id_stories, id_creators) VALUES (242, 'X-Facts', 'http://gateway.marvel.com/v1/public/stories/38448', '', null, null, null, 8, null);
INSERT INTO bdmarvelapi.item (id, name, resource_uri, type, id_comics, id_events, id_series, id_stories, id_creators) VALUES (243, 'All-New Guardians of the Galaxy Vol. 3: Infinity Quest (Trade Paperback)', 'http://gateway.marvel.com/v1/public/comics/62151', null, 10, null, null, null, null);
INSERT INTO bdmarvelapi.item (id, name, resource_uri, type, id_comics, id_events, id_series, id_stories, id_creators) VALUES (244, 'Annihilation: Conquest (2007) #1', 'http://gateway.marvel.com/v1/public/comics/17271', null, 10, null, null, null, null);
INSERT INTO bdmarvelapi.item (id, name, resource_uri, type, id_comics, id_events, id_series, id_stories, id_creators) VALUES (245, 'Annihilation: Conquest (2007) #2', 'http://gateway.marvel.com/v1/public/comics/17405', null, 10, null, null, null, null);
INSERT INTO bdmarvelapi.item (id, name, resource_uri, type, id_comics, id_events, id_series, id_stories, id_creators) VALUES (246, 'Annihilation: Conquest (2007) #3', 'http://gateway.marvel.com/v1/public/comics/17645', null, 10, null, null, null, null);
INSERT INTO bdmarvelapi.item (id, name, resource_uri, type, id_comics, id_events, id_series, id_stories, id_creators) VALUES (247, 'Annihilation: Conquest (2007) #4', 'http://gateway.marvel.com/v1/public/comics/20686', null, 10, null, null, null, null);
INSERT INTO bdmarvelapi.item (id, name, resource_uri, type, id_comics, id_events, id_series, id_stories, id_creators) VALUES (248, 'Annihilation: Conquest (2007) #5', 'http://gateway.marvel.com/v1/public/comics/20885', null, 10, null, null, null, null);
INSERT INTO bdmarvelapi.item (id, name, resource_uri, type, id_comics, id_events, id_series, id_stories, id_creators) VALUES (249, 'Annihilation: Conquest (2007) #6', 'http://gateway.marvel.com/v1/public/comics/21016', null, 10, null, null, null, null);
INSERT INTO bdmarvelapi.item (id, name, resource_uri, type, id_comics, id_events, id_series, id_stories, id_creators) VALUES (250, 'Avengers Forever (1998) #9', 'http://gateway.marvel.com/v1/public/comics/12412', null, 10, null, null, null, null);
INSERT INTO bdmarvelapi.item (id, name, resource_uri, type, id_comics, id_events, id_series, id_stories, id_creators) VALUES (251, 'Avengers Legends Vol. I: Avengers Forever (Trade Paperback)', 'http://gateway.marvel.com/v1/public/comics/1033', null, 10, null, null, null, null);
INSERT INTO bdmarvelapi.item (id, name, resource_uri, type, id_comics, id_events, id_series, id_stories, id_creators) VALUES (252, 'CLANDESTINE CLASSIC PREMIERE HC (Hardcover)', 'http://gateway.marvel.com/v1/public/comics/20731', null, 10, null, null, null, null);
INSERT INTO bdmarvelapi.item (id, name, resource_uri, type, id_comics, id_events, id_series, id_stories, id_creators) VALUES (253, 'Doctor Strange, Sorcerer Supreme (1988) #27', 'http://gateway.marvel.com/v1/public/comics/20187', null, 10, null, null, null, null);
INSERT INTO bdmarvelapi.item (id, name, resource_uri, type, id_comics, id_events, id_series, id_stories, id_creators) VALUES (254, 'Doctor Strange, Sorcerer Supreme (1988) #32', 'http://gateway.marvel.com/v1/public/comics/20193', null, 10, null, null, null, null);
INSERT INTO bdmarvelapi.item (id, name, resource_uri, type, id_comics, id_events, id_series, id_stories, id_creators) VALUES (255, 'Doctor Strange, Sorcerer Supreme (1988) #36', 'http://gateway.marvel.com/v1/public/comics/20197', null, 10, null, null, null, null);
INSERT INTO bdmarvelapi.item (id, name, resource_uri, type, id_comics, id_events, id_series, id_stories, id_creators) VALUES (256, 'Earth X (1999) #2', 'http://gateway.marvel.com/v1/public/comics/8552', null, 10, null, null, null, null);
INSERT INTO bdmarvelapi.item (id, name, resource_uri, type, id_comics, id_events, id_series, id_stories, id_creators) VALUES (257, 'Earth X (1999) #11', 'http://gateway.marvel.com/v1/public/comics/8550', null, 10, null, null, null, null);
INSERT INTO bdmarvelapi.item (id, name, resource_uri, type, id_comics, id_events, id_series, id_stories, id_creators) VALUES (258, 'EARTH X TPB [NEW PRINTING] (Trade Paperback)', 'http://gateway.marvel.com/v1/public/comics/4241', null, 10, null, null, null, null);
INSERT INTO bdmarvelapi.item (id, name, resource_uri, type, id_comics, id_events, id_series, id_stories, id_creators) VALUES (259, 'Fantastic Four (1961) #172', 'http://gateway.marvel.com/v1/public/comics/12975', null, 10, null, null, null, null);
INSERT INTO bdmarvelapi.item (id, name, resource_uri, type, id_comics, id_events, id_series, id_stories, id_creators) VALUES (260, 'Fantastic Four (1961) #370', 'http://gateway.marvel.com/v1/public/comics/13195', null, 10, null, null, null, null);
INSERT INTO bdmarvelapi.item (id, name, resource_uri, type, id_comics, id_events, id_series, id_stories, id_creators) VALUES (261, 'Guardians of the Galaxy (2008) #17', 'http://gateway.marvel.com/v1/public/comics/25305', null, 10, null, null, null, null);
INSERT INTO bdmarvelapi.item (id, name, resource_uri, type, id_comics, id_events, id_series, id_stories, id_creators) VALUES (262, 'Guardians Of The Galaxy Annual (2019) #1', 'http://gateway.marvel.com/v1/public/comics/76749', null, 10, null, null, null, null);
INSERT INTO bdmarvelapi.item (id, name, resource_uri, type, id_comics, id_events, id_series, id_stories, id_creators) VALUES (263, 'Annihilation: Conquest', 'http://gateway.marvel.com/v1/public/events/293', null, null, 10, null, null, null);
INSERT INTO bdmarvelapi.item (id, name, resource_uri, type, id_comics, id_events, id_series, id_stories, id_creators) VALUES (264, 'Atlantis Attacks', 'http://gateway.marvel.com/v1/public/events/233', null, null, 10, null, null, null);
INSERT INTO bdmarvelapi.item (id, name, resource_uri, type, id_comics, id_events, id_series, id_stories, id_creators) VALUES (265, 'Blood and Thunder', 'http://gateway.marvel.com/v1/public/events/235', null, null, 10, null, null, null);
INSERT INTO bdmarvelapi.item (id, name, resource_uri, type, id_comics, id_events, id_series, id_stories, id_creators) VALUES (266, 'Days of Future Present', 'http://gateway.marvel.com/v1/public/events/240', null, null, 10, null, null, null);
INSERT INTO bdmarvelapi.item (id, name, resource_uri, type, id_comics, id_events, id_series, id_stories, id_creators) VALUES (267, 'Infinity War', 'http://gateway.marvel.com/v1/public/events/29', null, null, 10, null, null, null);
INSERT INTO bdmarvelapi.item (id, name, resource_uri, type, id_comics, id_events, id_series, id_stories, id_creators) VALUES (268, 'Mutant Massacre', 'http://gateway.marvel.com/v1/public/events/263', null, null, 10, null, null, null);
INSERT INTO bdmarvelapi.item (id, name, resource_uri, type, id_comics, id_events, id_series, id_stories, id_creators) VALUES (269, 'Secret Wars II', 'http://gateway.marvel.com/v1/public/events/271', null, null, 10, null, null, null);
INSERT INTO bdmarvelapi.item (id, name, resource_uri, type, id_comics, id_events, id_series, id_stories, id_creators) VALUES (270, 'X-Tinction Agenda', 'http://gateway.marvel.com/v1/public/events/280', null, null, 10, null, null, null);
INSERT INTO bdmarvelapi.item (id, name, resource_uri, type, id_comics, id_events, id_series, id_stories, id_creators) VALUES (271, 'All-New Guardians of the Galaxy Vol. 3: Infinity Quest (2018)', 'http://gateway.marvel.com/v1/public/series/22778', null, null, null, 10, null, null);
INSERT INTO bdmarvelapi.item (id, name, resource_uri, type, id_comics, id_events, id_series, id_stories, id_creators) VALUES (272, 'Annihilation: Conquest (2007)', 'http://gateway.marvel.com/v1/public/series/3061', null, null, null, 10, null, null);
INSERT INTO bdmarvelapi.item (id, name, resource_uri, type, id_comics, id_events, id_series, id_stories, id_creators) VALUES (273, 'Avengers Forever (1998 - 2001)', 'http://gateway.marvel.com/v1/public/series/2111', null, null, null, 10, null, null);
INSERT INTO bdmarvelapi.item (id, name, resource_uri, type, id_comics, id_events, id_series, id_stories, id_creators) VALUES (274, 'Avengers Legends Vol. I: Avengers Forever (2002)', 'http://gateway.marvel.com/v1/public/series/93', null, null, null, 10, null, null);
INSERT INTO bdmarvelapi.item (id, name, resource_uri, type, id_comics, id_events, id_series, id_stories, id_creators) VALUES (275, 'CLANDESTINE CLASSIC PREMIERE HC (2008)', 'http://gateway.marvel.com/v1/public/series/3874', null, null, null, 10, null, null);
INSERT INTO bdmarvelapi.item (id, name, resource_uri, type, id_comics, id_events, id_series, id_stories, id_creators) VALUES (276, 'Doctor Strange, Sorcerer Supreme (1988 - 1996)', 'http://gateway.marvel.com/v1/public/series/3741', null, null, null, 10, null, null);
INSERT INTO bdmarvelapi.item (id, name, resource_uri, type, id_comics, id_events, id_series, id_stories, id_creators) VALUES (277, 'Earth X (1999 - 2000)', 'http://gateway.marvel.com/v1/public/series/378', null, null, null, 10, null, null);
INSERT INTO bdmarvelapi.item (id, name, resource_uri, type, id_comics, id_events, id_series, id_stories, id_creators) VALUES (278, 'EARTH X TPB [NEW PRINTING] (2006)', 'http://gateway.marvel.com/v1/public/series/1806', null, null, null, 10, null, null);
INSERT INTO bdmarvelapi.item (id, name, resource_uri, type, id_comics, id_events, id_series, id_stories, id_creators) VALUES (279, 'Fantastic Four (1961 - 1998)', 'http://gateway.marvel.com/v1/public/series/2121', null, null, null, 10, null, null);
INSERT INTO bdmarvelapi.item (id, name, resource_uri, type, id_comics, id_events, id_series, id_stories, id_creators) VALUES (280, 'Guardians of the Galaxy (2008 - 2010)', 'http://gateway.marvel.com/v1/public/series/4885', null, null, null, 10, null, null);
INSERT INTO bdmarvelapi.item (id, name, resource_uri, type, id_comics, id_events, id_series, id_stories, id_creators) VALUES (281, 'Guardians Of The Galaxy Annual (2019)', 'http://gateway.marvel.com/v1/public/series/27554', null, null, null, 10, null, null);
INSERT INTO bdmarvelapi.item (id, name, resource_uri, type, id_comics, id_events, id_series, id_stories, id_creators) VALUES (282, 'Guardians Of The Galaxy Vol. 2: Faithless (2020)', 'http://gateway.marvel.com/v1/public/series/26496', null, null, null, 10, null, null);
INSERT INTO bdmarvelapi.item (id, name, resource_uri, type, id_comics, id_events, id_series, id_stories, id_creators) VALUES (283, 'GUARDIANS OF THE GALAXY: ROAD TO ANNIHILATION VOL. 2 TPB (2017)', 'http://gateway.marvel.com/v1/public/series/22422', null, null, null, 10, null, null);
INSERT INTO bdmarvelapi.item (id, name, resource_uri, type, id_comics, id_events, id_series, id_stories, id_creators) VALUES (284, 'Incredible Hulk (1962 - 1999)', 'http://gateway.marvel.com/v1/public/series/2021', null, null, null, 10, null, null);
INSERT INTO bdmarvelapi.item (id, name, resource_uri, type, id_comics, id_events, id_series, id_stories, id_creators) VALUES (285, 'Incredible Hulk Annual (1976 - 1994)', 'http://gateway.marvel.com/v1/public/series/2983', null, null, null, 10, null, null);
INSERT INTO bdmarvelapi.item (id, name, resource_uri, type, id_comics, id_events, id_series, id_stories, id_creators) VALUES (286, 'Infinity By Starlin & Hickman (2019)', 'http://gateway.marvel.com/v1/public/series/26307', null, null, null, 10, null, null);
INSERT INTO bdmarvelapi.item (id, name, resource_uri, type, id_comics, id_events, id_series, id_stories, id_creators) VALUES (287, 'Infinity Countdown (2018)', 'http://gateway.marvel.com/v1/public/series/24050', null, null, null, 10, null, null);
INSERT INTO bdmarvelapi.item (id, name, resource_uri, type, id_comics, id_events, id_series, id_stories, id_creators) VALUES (288, 'Infinity Countdown Prime (2018)', 'http://gateway.marvel.com/v1/public/series/24300', null, null, null, 10, null, null);
INSERT INTO bdmarvelapi.item (id, name, resource_uri, type, id_comics, id_events, id_series, id_stories, id_creators) VALUES (289, 'Infinity Countdown: Adam Warlock (2018)', 'http://gateway.marvel.com/v1/public/series/23991', null, null, null, 10, null, null);
INSERT INTO bdmarvelapi.item (id, name, resource_uri, type, id_comics, id_events, id_series, id_stories, id_creators) VALUES (290, 'Infinity Crusade (1993)', 'http://gateway.marvel.com/v1/public/series/6673', null, null, null, 10, null, null);
INSERT INTO bdmarvelapi.item (id, name, resource_uri, type, id_comics, id_events, id_series, id_stories, id_creators) VALUES (291, 'Cover #1412', 'http://gateway.marvel.com/v1/public/stories/1412', 'cover', null, null, null, 10, null);
INSERT INTO bdmarvelapi.item (id, name, resource_uri, type, id_comics, id_events, id_series, id_stories, id_creators) VALUES (292, 'Cover #1602', 'http://gateway.marvel.com/v1/public/stories/1602', 'cover', null, null, null, 10, null);
INSERT INTO bdmarvelapi.item (id, name, resource_uri, type, id_comics, id_events, id_series, id_stories, id_creators) VALUES (293, 'Cover #1800', 'http://gateway.marvel.com/v1/public/stories/1800', 'cover', null, null, null, 10, null);
INSERT INTO bdmarvelapi.item (id, name, resource_uri, type, id_comics, id_events, id_series, id_stories, id_creators) VALUES (294, 'Cover #1842', 'http://gateway.marvel.com/v1/public/stories/1842', 'cover', null, null, null, 10, null);
INSERT INTO bdmarvelapi.item (id, name, resource_uri, type, id_comics, id_events, id_series, id_stories, id_creators) VALUES (295, 'WARLOCK (2004) #3', 'http://gateway.marvel.com/v1/public/stories/3758', 'cover', null, null, null, 10, null);
INSERT INTO bdmarvelapi.item (id, name, resource_uri, type, id_comics, id_events, id_series, id_stories, id_creators) VALUES (296, 'WARLOCK (2004) #1', 'http://gateway.marvel.com/v1/public/stories/3760', 'cover', null, null, null, 10, null);
INSERT INTO bdmarvelapi.item (id, name, resource_uri, type, id_comics, id_events, id_series, id_stories, id_creators) VALUES (297, 'WARLOCK (2004) #2', 'http://gateway.marvel.com/v1/public/stories/3762', 'cover', null, null, null, 10, null);
INSERT INTO bdmarvelapi.item (id, name, resource_uri, type, id_comics, id_events, id_series, id_stories, id_creators) VALUES (298, 'WARLOCK (2004) #4', 'http://gateway.marvel.com/v1/public/stories/3764', 'cover', null, null, null, 10, null);
INSERT INTO bdmarvelapi.item (id, name, resource_uri, type, id_comics, id_events, id_series, id_stories, id_creators) VALUES (299, 'Fantastic Four (1961) #172', 'http://gateway.marvel.com/v1/public/stories/12568', 'cover', null, null, null, 10, null);
INSERT INTO bdmarvelapi.item (id, name, resource_uri, type, id_comics, id_events, id_series, id_stories, id_creators) VALUES (300, 'Cry, the Bedeviled Planet!', 'http://gateway.marvel.com/v1/public/stories/12569', 'interiorStory', null, null, null, 10, null);
INSERT INTO bdmarvelapi.item (id, name, resource_uri, type, id_comics, id_events, id_series, id_stories, id_creators) VALUES (301, 'Forever Evil', 'http://gateway.marvel.com/v1/public/stories/13121', 'interiorStory', null, null, null, 10, null);
INSERT INTO bdmarvelapi.item (id, name, resource_uri, type, id_comics, id_events, id_series, id_stories, id_creators) VALUES (302, 'Incredible Hulk (1962) #177', 'http://gateway.marvel.com/v1/public/stories/18500', 'cover', null, null, null, 10, null);
INSERT INTO bdmarvelapi.item (id, name, resource_uri, type, id_comics, id_events, id_series, id_stories, id_creators) VALUES (303, 'Peril of the Paired Planets', 'http://gateway.marvel.com/v1/public/stories/18501', '', null, null, null, 10, null);
INSERT INTO bdmarvelapi.item (id, name, resource_uri, type, id_comics, id_events, id_series, id_stories, id_creators) VALUES (304, 'Triumph On Terra-Two', 'http://gateway.marvel.com/v1/public/stories/18503', '', null, null, null, 10, null);
INSERT INTO bdmarvelapi.item (id, name, resource_uri, type, id_comics, id_events, id_series, id_stories, id_creators) VALUES (305, 'Cover #19847', 'http://gateway.marvel.com/v1/public/stories/19847', 'cover', null, null, null, 10, null);
INSERT INTO bdmarvelapi.item (id, name, resource_uri, type, id_comics, id_events, id_series, id_stories, id_creators) VALUES (306, 'Performance', 'http://gateway.marvel.com/v1/public/stories/19848', 'interiorStory', null, null, null, 10, null);
INSERT INTO bdmarvelapi.item (id, name, resource_uri, type, id_comics, id_events, id_series, id_stories, id_creators) VALUES (307, 'Days of Future Present Part 4', 'http://gateway.marvel.com/v1/public/stories/19859', 'cover', null, null, null, 10, null);
INSERT INTO bdmarvelapi.item (id, name, resource_uri, type, id_comics, id_events, id_series, id_stories, id_creators) VALUES (308, 'You Must Remember This', 'http://gateway.marvel.com/v1/public/stories/19860', 'interiorStory', null, null, null, 10, null);
INSERT INTO bdmarvelapi.item (id, name, resource_uri, type, id_comics, id_events, id_series, id_stories, id_creators) VALUES (309, 'The Adventures of Lockheed the Space Dragon and His Pet Girl, Kitty', 'http://gateway.marvel.com/v1/public/stories/19883', 'interiorStory', null, null, null, 10, null);
INSERT INTO bdmarvelapi.item (id, name, resource_uri, type, id_comics, id_events, id_series, id_stories, id_creators) VALUES (310, 'The Saga of Storm: Goddess of Thunder', 'http://gateway.marvel.com/v1/public/stories/19884', 'cover', null, null, null, 10, null);
INSERT INTO bdmarvelapi.item (id, name, resource_uri, type, id_comics, id_events, id_series, id_stories, id_creators) VALUES (311, 'Astonishing X-Men (2004) #19 (Variant)', 'http://gateway.marvel.com/v1/public/comics/5477', null, 12, null, null, null, null);
INSERT INTO bdmarvelapi.item (id, name, resource_uri, type, id_comics, id_events, id_series, id_stories, id_creators) VALUES (312, 'Astonishing X-Men (2004) #21', 'http://gateway.marvel.com/v1/public/comics/6120', null, 12, null, null, null, null);
INSERT INTO bdmarvelapi.item (id, name, resource_uri, type, id_comics, id_events, id_series, id_stories, id_creators) VALUES (313, 'Astonishing X-Men (2004) #22', 'http://gateway.marvel.com/v1/public/comics/6309', null, 12, null, null, null, null);
INSERT INTO bdmarvelapi.item (id, name, resource_uri, type, id_comics, id_events, id_series, id_stories, id_creators) VALUES (314, 'Astonishing X-Men (2004) #23', 'http://gateway.marvel.com/v1/public/comics/16119', null, 12, null, null, null, null);
INSERT INTO bdmarvelapi.item (id, name, resource_uri, type, id_comics, id_events, id_series, id_stories, id_creators) VALUES (315, 'Astonishing X-Men (2004) #24', 'http://gateway.marvel.com/v1/public/comics/17353', null, 12, null, null, null, null);
INSERT INTO bdmarvelapi.item (id, name, resource_uri, type, id_comics, id_events, id_series, id_stories, id_creators) VALUES (316, 'Astonishing X-Men (2004) #32', 'http://gateway.marvel.com/v1/public/comics/24503', null, 12, null, null, null, null);
INSERT INTO bdmarvelapi.item (id, name, resource_uri, type, id_comics, id_events, id_series, id_stories, id_creators) VALUES (317, 'Astonishing X-Men (2004) #33', 'http://gateway.marvel.com/v1/public/comics/24504', null, 12, null, null, null, null);
INSERT INTO bdmarvelapi.item (id, name, resource_uri, type, id_comics, id_events, id_series, id_stories, id_creators) VALUES (318, 'Astonishing X-Men (2004) #38', 'http://gateway.marvel.com/v1/public/comics/38318', null, 12, null, null, null, null);
INSERT INTO bdmarvelapi.item (id, name, resource_uri, type, id_comics, id_events, id_series, id_stories, id_creators) VALUES (319, 'Astonishing X-Men (2004) #40', 'http://gateway.marvel.com/v1/public/comics/38319', null, 12, null, null, null, null);
INSERT INTO bdmarvelapi.item (id, name, resource_uri, type, id_comics, id_events, id_series, id_stories, id_creators) VALUES (320, 'Astonishing X-Men (2004) #40 (I Am Captain America Variant)', 'http://gateway.marvel.com/v1/public/comics/40024', null, 12, null, null, null, null);
INSERT INTO bdmarvelapi.item (id, name, resource_uri, type, id_comics, id_events, id_series, id_stories, id_creators) VALUES (321, 'Cable and X-Force (2012) #8', 'http://gateway.marvel.com/v1/public/comics/45950', null, 12, null, null, null, null);
INSERT INTO bdmarvelapi.item (id, name, resource_uri, type, id_comics, id_events, id_series, id_stories, id_creators) VALUES (322, 'Heralds (Trade Paperback)', 'http://gateway.marvel.com/v1/public/comics/39890', null, 12, null, null, null, null);
INSERT INTO bdmarvelapi.item (id, name, resource_uri, type, id_comics, id_events, id_series, id_stories, id_creators) VALUES (323, 'S.W.O.R.D. (2020) #1', 'http://gateway.marvel.com/v1/public/comics/90340', null, 12, null, null, null, null);
INSERT INTO bdmarvelapi.item (id, name, resource_uri, type, id_comics, id_events, id_series, id_stories, id_creators) VALUES (324, 'S.W.O.R.D. (2020) #2', 'http://gateway.marvel.com/v1/public/comics/90341', null, 12, null, null, null, null);
INSERT INTO bdmarvelapi.item (id, name, resource_uri, type, id_comics, id_events, id_series, id_stories, id_creators) VALUES (325, 'S.W.O.R.D. (2009) #2', 'http://gateway.marvel.com/v1/public/comics/26232', null, 12, null, null, null, null);
INSERT INTO bdmarvelapi.item (id, name, resource_uri, type, id_comics, id_events, id_series, id_stories, id_creators) VALUES (326, 'S.W.O.R.D. (2009) #3', 'http://gateway.marvel.com/v1/public/comics/26233', null, 12, null, null, null, null);
INSERT INTO bdmarvelapi.item (id, name, resource_uri, type, id_comics, id_events, id_series, id_stories, id_creators) VALUES (327, 'S.W.O.R.D. (2020) #3', 'http://gateway.marvel.com/v1/public/comics/90342', null, 12, null, null, null, null);
INSERT INTO bdmarvelapi.item (id, name, resource_uri, type, id_comics, id_events, id_series, id_stories, id_creators) VALUES (328, 'S.W.O.R.D. (2009) #4', 'http://gateway.marvel.com/v1/public/comics/26234', null, 12, null, null, null, null);
INSERT INTO bdmarvelapi.item (id, name, resource_uri, type, id_comics, id_events, id_series, id_stories, id_creators) VALUES (329, 'S.W.O.R.D. (2020) #4', 'http://gateway.marvel.com/v1/public/comics/90343', null, 12, null, null, null, null);
INSERT INTO bdmarvelapi.item (id, name, resource_uri, type, id_comics, id_events, id_series, id_stories, id_creators) VALUES (330, 'S.W.O.R.D. (2009) #5', 'http://gateway.marvel.com/v1/public/comics/30518', null, 12, null, null, null, null);
INSERT INTO bdmarvelapi.item (id, name, resource_uri, type, id_comics, id_events, id_series, id_stories, id_creators) VALUES (331, 'Astonishing X-Men (2004 - 2013)', 'http://gateway.marvel.com/v1/public/series/744', null, null, null, 12, null, null);
INSERT INTO bdmarvelapi.item (id, name, resource_uri, type, id_comics, id_events, id_series, id_stories, id_creators) VALUES (332, 'Cable and X-Force (2012 - 2014)', 'http://gateway.marvel.com/v1/public/series/16907', null, null, null, 12, null, null);
INSERT INTO bdmarvelapi.item (id, name, resource_uri, type, id_comics, id_events, id_series, id_stories, id_creators) VALUES (333, 'Heralds (2010)', 'http://gateway.marvel.com/v1/public/series/13065', null, null, null, 12, null, null);
INSERT INTO bdmarvelapi.item (id, name, resource_uri, type, id_comics, id_events, id_series, id_stories, id_creators) VALUES (334, 'S.W.O.R.D. (2020 - Present)', 'http://gateway.marvel.com/v1/public/series/31083', null, null, null, 12, null, null);
INSERT INTO bdmarvelapi.item (id, name, resource_uri, type, id_comics, id_events, id_series, id_stories, id_creators) VALUES (335, 'S.W.O.R.D. (2009 - 2010)', 'http://gateway.marvel.com/v1/public/series/8233', null, null, null, 12, null, null);
INSERT INTO bdmarvelapi.item (id, name, resource_uri, type, id_comics, id_events, id_series, id_stories, id_creators) VALUES (336, 'The Mighty Captain Marvel (2017 - 2018)', 'http://gateway.marvel.com/v1/public/series/22551', null, null, null, 12, null, null);
INSERT INTO bdmarvelapi.item (id, name, resource_uri, type, id_comics, id_events, id_series, id_stories, id_creators) VALUES (337, 'Interior #3353', 'http://gateway.marvel.com/v1/public/stories/3353', 'interiorStory', null, null, null, 12, null);
INSERT INTO bdmarvelapi.item (id, name, resource_uri, type, id_comics, id_events, id_series, id_stories, id_creators) VALUES (338, 'ASTONISHING X-MEN (2004) #21', 'http://gateway.marvel.com/v1/public/stories/7670', 'cover', null, null, null, 12, null);
INSERT INTO bdmarvelapi.item (id, name, resource_uri, type, id_comics, id_events, id_series, id_stories, id_creators) VALUES (339, 'ASTONISHING X-MEN (2004) #22', 'http://gateway.marvel.com/v1/public/stories/8144', 'cover', null, null, null, 12, null);
INSERT INTO bdmarvelapi.item (id, name, resource_uri, type, id_comics, id_events, id_series, id_stories, id_creators) VALUES (340, 'ASTONISHING X-MEN (2004) #23', 'http://gateway.marvel.com/v1/public/stories/32919', 'cover', null, null, null, 12, null);
INSERT INTO bdmarvelapi.item (id, name, resource_uri, type, id_comics, id_events, id_series, id_stories, id_creators) VALUES (341, 'ASTONISHING X-MEN (2004) #24', 'http://gateway.marvel.com/v1/public/stories/36374', 'cover', null, null, null, 12, null);
INSERT INTO bdmarvelapi.item (id, name, resource_uri, type, id_comics, id_events, id_series, id_stories, id_creators) VALUES (342, 'ASTONISHING X-MEN (2004) #32', 'http://gateway.marvel.com/v1/public/stories/54039', 'cover', null, null, null, 12, null);
INSERT INTO bdmarvelapi.item (id, name, resource_uri, type, id_comics, id_events, id_series, id_stories, id_creators) VALUES (343, 'ASTONISHING X-MEN (2004) #33', 'http://gateway.marvel.com/v1/public/stories/54041', 'cover', null, null, null, 12, null);
INSERT INTO bdmarvelapi.item (id, name, resource_uri, type, id_comics, id_events, id_series, id_stories, id_creators) VALUES (344, 'S.W.O.R.D. (2009) #2', 'http://gateway.marvel.com/v1/public/stories/57763', 'cover', null, null, null, 12, null);
INSERT INTO bdmarvelapi.item (id, name, resource_uri, type, id_comics, id_events, id_series, id_stories, id_creators) VALUES (345, 'S.W.O.R.D. (2009) #3', 'http://gateway.marvel.com/v1/public/stories/57765', 'cover', null, null, null, 12, null);
INSERT INTO bdmarvelapi.item (id, name, resource_uri, type, id_comics, id_events, id_series, id_stories, id_creators) VALUES (346, 'S.W.O.R.D. (2009) #4', 'http://gateway.marvel.com/v1/public/stories/57767', 'cover', null, null, null, 12, null);
INSERT INTO bdmarvelapi.item (id, name, resource_uri, type, id_comics, id_events, id_series, id_stories, id_creators) VALUES (347, 'S.W.O.R.D. (2009) #5', 'http://gateway.marvel.com/v1/public/stories/69862', 'cover', null, null, null, 12, null);
INSERT INTO bdmarvelapi.item (id, name, resource_uri, type, id_comics, id_events, id_series, id_stories, id_creators) VALUES (348, 'ASTONISHING X-MEN (2004) #38', 'http://gateway.marvel.com/v1/public/stories/89830', 'cover', null, null, null, 12, null);
INSERT INTO bdmarvelapi.item (id, name, resource_uri, type, id_comics, id_events, id_series, id_stories, id_creators) VALUES (349, 'Astonishing X-Men (2004) #38', 'http://gateway.marvel.com/v1/public/stories/89900', 'interiorStory', null, null, null, 12, null);
INSERT INTO bdmarvelapi.item (id, name, resource_uri, type, id_comics, id_events, id_series, id_stories, id_creators) VALUES (350, 'Heralds TPB', 'http://gateway.marvel.com/v1/public/stories/90548', 'cover', null, null, null, 12, null);
INSERT INTO bdmarvelapi.item (id, name, resource_uri, type, id_comics, id_events, id_series, id_stories, id_creators) VALUES (351, 'Interior #90819', 'http://gateway.marvel.com/v1/public/stories/90819', 'interiorStory', null, null, null, 12, null);
INSERT INTO bdmarvelapi.item (id, name, resource_uri, type, id_comics, id_events, id_series, id_stories, id_creators) VALUES (352, ' Interior Astonishing X-Men (2004) #40', 'http://gateway.marvel.com/v1/public/stories/90853', 'interiorStory', null, null, null, 12, null);
INSERT INTO bdmarvelapi.item (id, name, resource_uri, type, id_comics, id_events, id_series, id_stories, id_creators) VALUES (353, 'ASTONISHING X-MEN (2004) #40', 'http://gateway.marvel.com/v1/public/stories/90944', 'cover', null, null, null, 12, null);
INSERT INTO bdmarvelapi.item (id, name, resource_uri, type, id_comics, id_events, id_series, id_stories, id_creators) VALUES (354, 'Cable and X-Force (2012) #8', 'http://gateway.marvel.com/v1/public/stories/103418', 'cover', null, null, null, 12, null);
INSERT INTO bdmarvelapi.item (id, name, resource_uri, type, id_comics, id_events, id_series, id_stories, id_creators) VALUES (355, 'story from Cable and X-Force (2012) #8', 'http://gateway.marvel.com/v1/public/stories/103419', 'interiorStory', null, null, null, 12, null);
INSERT INTO bdmarvelapi.item (id, name, resource_uri, type, id_comics, id_events, id_series, id_stories, id_creators) VALUES (356, 'cover from Captain Marvel (2016) #5', 'http://gateway.marvel.com/v1/public/stories/133289', 'cover', null, null, null, 12, null);
INSERT INTO bdmarvelapi.item (id, name, resource_uri, type, id_comics, id_events, id_series, id_stories, id_creators) VALUES (357, 'Agent X (2002) #1', 'http://gateway.marvel.com/v1/public/comics/17702', null, 13, null, null, null, null);
INSERT INTO bdmarvelapi.item (id, name, resource_uri, type, id_comics, id_events, id_series, id_stories, id_creators) VALUES (358, 'Agent X (2002) #2', 'http://gateway.marvel.com/v1/public/comics/17709', null, 13, null, null, null, null);
INSERT INTO bdmarvelapi.item (id, name, resource_uri, type, id_comics, id_events, id_series, id_stories, id_creators) VALUES (359, 'Agent X (2002) #3', 'http://gateway.marvel.com/v1/public/comics/17710', null, 13, null, null, null, null);
INSERT INTO bdmarvelapi.item (id, name, resource_uri, type, id_comics, id_events, id_series, id_stories, id_creators) VALUES (360, 'Agent X (2002) #4', 'http://gateway.marvel.com/v1/public/comics/17711', null, 13, null, null, null, null);
INSERT INTO bdmarvelapi.item (id, name, resource_uri, type, id_comics, id_events, id_series, id_stories, id_creators) VALUES (361, 'Agent X (2002) #5', 'http://gateway.marvel.com/v1/public/comics/17712', null, 13, null, null, null, null);
INSERT INTO bdmarvelapi.item (id, name, resource_uri, type, id_comics, id_events, id_series, id_stories, id_creators) VALUES (362, 'Agent X (2002) #6', 'http://gateway.marvel.com/v1/public/comics/17713', null, 13, null, null, null, null);
INSERT INTO bdmarvelapi.item (id, name, resource_uri, type, id_comics, id_events, id_series, id_stories, id_creators) VALUES (363, 'Agent X (2002) #7', 'http://gateway.marvel.com/v1/public/comics/17714', null, 13, null, null, null, null);
INSERT INTO bdmarvelapi.item (id, name, resource_uri, type, id_comics, id_events, id_series, id_stories, id_creators) VALUES (364, 'Agent X (2002) #8', 'http://gateway.marvel.com/v1/public/comics/17715', null, 13, null, null, null, null);
INSERT INTO bdmarvelapi.item (id, name, resource_uri, type, id_comics, id_events, id_series, id_stories, id_creators) VALUES (365, 'Agent X (2002) #9', 'http://gateway.marvel.com/v1/public/comics/17716', null, 13, null, null, null, null);
INSERT INTO bdmarvelapi.item (id, name, resource_uri, type, id_comics, id_events, id_series, id_stories, id_creators) VALUES (366, 'Agent X (2002) #10', 'http://gateway.marvel.com/v1/public/comics/17703', null, 13, null, null, null, null);
INSERT INTO bdmarvelapi.item (id, name, resource_uri, type, id_comics, id_events, id_series, id_stories, id_creators) VALUES (367, 'Agent X (2002) #11', 'http://gateway.marvel.com/v1/public/comics/17704', null, 13, null, null, null, null);
INSERT INTO bdmarvelapi.item (id, name, resource_uri, type, id_comics, id_events, id_series, id_stories, id_creators) VALUES (368, 'Agent X (2002) #12', 'http://gateway.marvel.com/v1/public/comics/17705', null, 13, null, null, null, null);
INSERT INTO bdmarvelapi.item (id, name, resource_uri, type, id_comics, id_events, id_series, id_stories, id_creators) VALUES (369, 'Agent X (2002) #13', 'http://gateway.marvel.com/v1/public/comics/17706', null, 13, null, null, null, null);
INSERT INTO bdmarvelapi.item (id, name, resource_uri, type, id_comics, id_events, id_series, id_stories, id_creators) VALUES (370, 'Agent X (2002) #14', 'http://gateway.marvel.com/v1/public/comics/17707', null, 13, null, null, null, null);
INSERT INTO bdmarvelapi.item (id, name, resource_uri, type, id_comics, id_events, id_series, id_stories, id_creators) VALUES (371, 'Agent X (2002) #15', 'http://gateway.marvel.com/v1/public/comics/394', null, 13, null, null, null, null);
INSERT INTO bdmarvelapi.item (id, name, resource_uri, type, id_comics, id_events, id_series, id_stories, id_creators) VALUES (372, 'Cable & Deadpool (2004) #12', 'http://gateway.marvel.com/v1/public/comics/1649', null, 13, null, null, null, null);
INSERT INTO bdmarvelapi.item (id, name, resource_uri, type, id_comics, id_events, id_series, id_stories, id_creators) VALUES (373, 'Cable & Deadpool (2004) #46 (Zombie Variant)', 'http://gateway.marvel.com/v1/public/comics/21845', null, 13, null, null, null, null);
INSERT INTO bdmarvelapi.item (id, name, resource_uri, type, id_comics, id_events, id_series, id_stories, id_creators) VALUES (374, 'Cable & Deadpool Vol. 2: The Burnt Offering (Trade Paperback)', 'http://gateway.marvel.com/v1/public/comics/5761', null, 13, null, null, null, null);
INSERT INTO bdmarvelapi.item (id, name, resource_uri, type, id_comics, id_events, id_series, id_stories, id_creators) VALUES (375, 'Agent X (2002 - 2004)', 'http://gateway.marvel.com/v1/public/series/459', null, null, null, 13, null, null);
INSERT INTO bdmarvelapi.item (id, name, resource_uri, type, id_comics, id_events, id_series, id_stories, id_creators) VALUES (376, 'Cable & Deadpool (2004 - 2008)', 'http://gateway.marvel.com/v1/public/series/693', null, null, null, 13, null, null);
INSERT INTO bdmarvelapi.item (id, name, resource_uri, type, id_comics, id_events, id_series, id_stories, id_creators) VALUES (377, 'Cable & Deadpool Vol. 2: The Burnt Offering (2007)', 'http://gateway.marvel.com/v1/public/series/1338', null, null, null, 13, null, null);
INSERT INTO bdmarvelapi.item (id, name, resource_uri, type, id_comics, id_events, id_series, id_stories, id_creators) VALUES (378, 'AGENT X (2002) #15', 'http://gateway.marvel.com/v1/public/stories/1135', 'cover', null, null, null, 13, null);
INSERT INTO bdmarvelapi.item (id, name, resource_uri, type, id_comics, id_events, id_series, id_stories, id_creators) VALUES (379, 'CABLE & DEADPOOL (2004) #12', 'http://gateway.marvel.com/v1/public/stories/2484', 'cover', null, null, null, 13, null);
INSERT INTO bdmarvelapi.item (id, name, resource_uri, type, id_comics, id_events, id_series, id_stories, id_creators) VALUES (380, 'AGENT X (2002) #1', 'http://gateway.marvel.com/v1/public/stories/37514', 'cover', null, null, null, 13, null);
INSERT INTO bdmarvelapi.item (id, name, resource_uri, type, id_comics, id_events, id_series, id_stories, id_creators) VALUES (381, 'Dead Man''s Switch Part One', 'http://gateway.marvel.com/v1/public/stories/37515', 'interiorStory', null, null, null, 13, null);
INSERT INTO bdmarvelapi.item (id, name, resource_uri, type, id_comics, id_events, id_series, id_stories, id_creators) VALUES (382, 'AGENT X (2002) #10', 'http://gateway.marvel.com/v1/public/stories/37516', 'cover', null, null, null, 13, null);
INSERT INTO bdmarvelapi.item (id, name, resource_uri, type, id_comics, id_events, id_series, id_stories, id_creators) VALUES (383, 'AGENT X (2002) #11', 'http://gateway.marvel.com/v1/public/stories/37518', 'cover', null, null, null, 13, null);
INSERT INTO bdmarvelapi.item (id, name, resource_uri, type, id_comics, id_events, id_series, id_stories, id_creators) VALUES (384, 'AGENT X (2002) #13', 'http://gateway.marvel.com/v1/public/stories/37521', 'cover', null, null, null, 13, null);
INSERT INTO bdmarvelapi.item (id, name, resource_uri, type, id_comics, id_events, id_series, id_stories, id_creators) VALUES (385, 'AGENT X (2002) #14', 'http://gateway.marvel.com/v1/public/stories/37523', 'cover', null, null, null, 13, null);
INSERT INTO bdmarvelapi.item (id, name, resource_uri, type, id_comics, id_events, id_series, id_stories, id_creators) VALUES (386, 'AGENT X (2002) #2', 'http://gateway.marvel.com/v1/public/stories/37525', 'cover', null, null, null, 13, null);
INSERT INTO bdmarvelapi.item (id, name, resource_uri, type, id_comics, id_events, id_series, id_stories, id_creators) VALUES (387, 'Dead Man''s Switch Part Two', 'http://gateway.marvel.com/v1/public/stories/37526', 'interiorStory', null, null, null, 13, null);
INSERT INTO bdmarvelapi.item (id, name, resource_uri, type, id_comics, id_events, id_series, id_stories, id_creators) VALUES (388, 'AGENT X (2002) #3', 'http://gateway.marvel.com/v1/public/stories/37527', 'cover', null, null, null, 13, null);
INSERT INTO bdmarvelapi.item (id, name, resource_uri, type, id_comics, id_events, id_series, id_stories, id_creators) VALUES (389, 'Dead Man''s Switch Part Three', 'http://gateway.marvel.com/v1/public/stories/37528', 'interiorStory', null, null, null, 13, null);
INSERT INTO bdmarvelapi.item (id, name, resource_uri, type, id_comics, id_events, id_series, id_stories, id_creators) VALUES (390, 'AGENT X (2002) #4', 'http://gateway.marvel.com/v1/public/stories/37529', 'cover', null, null, null, 13, null);
INSERT INTO bdmarvelapi.item (id, name, resource_uri, type, id_comics, id_events, id_series, id_stories, id_creators) VALUES (391, 'Dead Man''s Switch Part Four', 'http://gateway.marvel.com/v1/public/stories/37530', 'interiorStory', null, null, null, 13, null);
INSERT INTO bdmarvelapi.item (id, name, resource_uri, type, id_comics, id_events, id_series, id_stories, id_creators) VALUES (392, 'AGENT X (2002) #5', 'http://gateway.marvel.com/v1/public/stories/37531', 'cover', null, null, null, 13, null);
INSERT INTO bdmarvelapi.item (id, name, resource_uri, type, id_comics, id_events, id_series, id_stories, id_creators) VALUES (393, 'Dead Man''s Switch Part Five', 'http://gateway.marvel.com/v1/public/stories/37532', 'interiorStory', null, null, null, 13, null);
INSERT INTO bdmarvelapi.item (id, name, resource_uri, type, id_comics, id_events, id_series, id_stories, id_creators) VALUES (394, 'AGENT X (2002) #6', 'http://gateway.marvel.com/v1/public/stories/37533', 'cover', null, null, null, 13, null);
INSERT INTO bdmarvelapi.item (id, name, resource_uri, type, id_comics, id_events, id_series, id_stories, id_creators) VALUES (395, 'Dead Man''s Switch Part Six', 'http://gateway.marvel.com/v1/public/stories/37534', 'interiorStory', null, null, null, 13, null);
INSERT INTO bdmarvelapi.item (id, name, resource_uri, type, id_comics, id_events, id_series, id_stories, id_creators) VALUES (396, 'AGENT X (2002) #7', 'http://gateway.marvel.com/v1/public/stories/37535', 'cover', null, null, null, 13, null);
INSERT INTO bdmarvelapi.item (id, name, resource_uri, type, id_comics, id_events, id_series, id_stories, id_creators) VALUES (397, 'AGENT X (2002) #12', 'http://gateway.marvel.com/v1/public/stories/67703', 'cover', null, null, null, 13, null);
INSERT INTO bdmarvelapi.item (id, name, resource_uri, type, id_comics, id_events, id_series, id_stories, id_creators) VALUES (398, 'Weapon X (2002) #2', 'http://gateway.marvel.com/v1/public/comics/18082', null, 14, null, null, null, null);
INSERT INTO bdmarvelapi.item (id, name, resource_uri, type, id_comics, id_events, id_series, id_stories, id_creators) VALUES (399, 'Weapon X (2002) #3', 'http://gateway.marvel.com/v1/public/comics/18092', null, 14, null, null, null, null);
INSERT INTO bdmarvelapi.item (id, name, resource_uri, type, id_comics, id_events, id_series, id_stories, id_creators) VALUES (400, 'Weapon X (2002) #12', 'http://gateway.marvel.com/v1/public/comics/18074', null, 14, null, null, null, null);
INSERT INTO bdmarvelapi.item (id, name, resource_uri, type, id_comics, id_events, id_series, id_stories, id_creators) VALUES (401, 'Weapon X (2002) #13', 'http://gateway.marvel.com/v1/public/comics/246', null, 14, null, null, null, null);
INSERT INTO bdmarvelapi.item (id, name, resource_uri, type, id_comics, id_events, id_series, id_stories, id_creators) VALUES (402, 'Weapon X: Days of Future Now (2005) #1', 'http://gateway.marvel.com/v1/public/comics/2204', null, 14, null, null, null, null);
INSERT INTO bdmarvelapi.item (id, name, resource_uri, type, id_comics, id_events, id_series, id_stories, id_creators) VALUES (403, 'Weapon X: Days of Future Now (2005) #2', 'http://gateway.marvel.com/v1/public/comics/2324', null, 14, null, null, null, null);
INSERT INTO bdmarvelapi.item (id, name, resource_uri, type, id_comics, id_events, id_series, id_stories, id_creators) VALUES (404, 'Weapon X: Days of Future Now (2005) #3', 'http://gateway.marvel.com/v1/public/comics/2438', null, 14, null, null, null, null);
INSERT INTO bdmarvelapi.item (id, name, resource_uri, type, id_comics, id_events, id_series, id_stories, id_creators) VALUES (405, 'Weapon X: Days of Future Now (2005) #4', 'http://gateway.marvel.com/v1/public/comics/2439', null, 14, null, null, null, null);
INSERT INTO bdmarvelapi.item (id, name, resource_uri, type, id_comics, id_events, id_series, id_stories, id_creators) VALUES (406, 'Weapon X: Days of Future Now (2005) #5', 'http://gateway.marvel.com/v1/public/comics/3016', null, 14, null, null, null, null);
INSERT INTO bdmarvelapi.item (id, name, resource_uri, type, id_comics, id_events, id_series, id_stories, id_creators) VALUES (407, 'Weapon X: Days of Future Now (Trade Paperback)', 'http://gateway.marvel.com/v1/public/comics/3357', null, 14, null, null, null, null);
INSERT INTO bdmarvelapi.item (id, name, resource_uri, type, id_comics, id_events, id_series, id_stories, id_creators) VALUES (408, 'Weapon X: The Draft  Agent Zero (2002) #1', 'http://gateway.marvel.com/v1/public/comics/18408', null, 14, null, null, null, null);
INSERT INTO bdmarvelapi.item (id, name, resource_uri, type, id_comics, id_events, id_series, id_stories, id_creators) VALUES (409, 'Wolverine (1988) #60', 'http://gateway.marvel.com/v1/public/comics/14182', null, 14, null, null, null, null);
INSERT INTO bdmarvelapi.item (id, name, resource_uri, type, id_comics, id_events, id_series, id_stories, id_creators) VALUES (410, 'Wolverine (1988) #61', 'http://gateway.marvel.com/v1/public/comics/14183', null, 14, null, null, null, null);
INSERT INTO bdmarvelapi.item (id, name, resource_uri, type, id_comics, id_events, id_series, id_stories, id_creators) VALUES (411, 'Wolverine (1988) #62', 'http://gateway.marvel.com/v1/public/comics/14184', null, 14, null, null, null, null);
INSERT INTO bdmarvelapi.item (id, name, resource_uri, type, id_comics, id_events, id_series, id_stories, id_creators) VALUES (412, 'Wolverine (1988) #63', 'http://gateway.marvel.com/v1/public/comics/14185', null, 14, null, null, null, null);
INSERT INTO bdmarvelapi.item (id, name, resource_uri, type, id_comics, id_events, id_series, id_stories, id_creators) VALUES (413, 'Wolverine (1988) #64', 'http://gateway.marvel.com/v1/public/comics/14186', null, 14, null, null, null, null);
INSERT INTO bdmarvelapi.item (id, name, resource_uri, type, id_comics, id_events, id_series, id_stories, id_creators) VALUES (414, 'Wolverine (1988) #67', 'http://gateway.marvel.com/v1/public/comics/14189', null, 14, null, null, null, null);
INSERT INTO bdmarvelapi.item (id, name, resource_uri, type, id_comics, id_events, id_series, id_stories, id_creators) VALUES (415, 'Wolverine (1988) #68', 'http://gateway.marvel.com/v1/public/comics/14190', null, 14, null, null, null, null);
INSERT INTO bdmarvelapi.item (id, name, resource_uri, type, id_comics, id_events, id_series, id_stories, id_creators) VALUES (416, 'Wolverine (1988) #87', 'http://gateway.marvel.com/v1/public/comics/14211', null, 14, null, null, null, null);
INSERT INTO bdmarvelapi.item (id, name, resource_uri, type, id_comics, id_events, id_series, id_stories, id_creators) VALUES (417, 'Wolverine (1988) #163', 'http://gateway.marvel.com/v1/public/comics/14107', null, 14, null, null, null, null);
INSERT INTO bdmarvelapi.item (id, name, resource_uri, type, id_comics, id_events, id_series, id_stories, id_creators) VALUES (418, 'Weapon X (2002 - 2004)', 'http://gateway.marvel.com/v1/public/series/543', null, null, null, 14, null, null);
INSERT INTO bdmarvelapi.item (id, name, resource_uri, type, id_comics, id_events, id_series, id_stories, id_creators) VALUES (419, 'Weapon X: Days of Future Now (2006)', 'http://gateway.marvel.com/v1/public/series/1478', null, null, null, 14, null, null);
INSERT INTO bdmarvelapi.item (id, name, resource_uri, type, id_comics, id_events, id_series, id_stories, id_creators) VALUES (420, 'Weapon X: Days of Future Now (2005)', 'http://gateway.marvel.com/v1/public/series/869', null, null, null, 14, null, null);
INSERT INTO bdmarvelapi.item (id, name, resource_uri, type, id_comics, id_events, id_series, id_stories, id_creators) VALUES (421, 'Weapon X: The Draft  Agent Zero (2002)', 'http://gateway.marvel.com/v1/public/series/3649', null, null, null, 14, null, null);
INSERT INTO bdmarvelapi.item (id, name, resource_uri, type, id_comics, id_events, id_series, id_stories, id_creators) VALUES (422, 'Wolverine (1988 - 2003)', 'http://gateway.marvel.com/v1/public/series/2262', null, null, null, 14, null, null);
INSERT INTO bdmarvelapi.item (id, name, resource_uri, type, id_comics, id_events, id_series, id_stories, id_creators) VALUES (423, 'WOLVERINE/DEADPOOL: WEAPON X TPB (1999)', 'http://gateway.marvel.com/v1/public/series/84', null, null, null, 14, null, null);
INSERT INTO bdmarvelapi.item (id, name, resource_uri, type, id_comics, id_events, id_series, id_stories, id_creators) VALUES (424, 'X-Man (1995 - 2000)', 'http://gateway.marvel.com/v1/public/series/3643', null, null, null, 14, null, null);
INSERT INTO bdmarvelapi.item (id, name, resource_uri, type, id_comics, id_events, id_series, id_stories, id_creators) VALUES (425, 'X-Men (1991 - 2001)', 'http://gateway.marvel.com/v1/public/series/2265', null, null, null, 14, null, null);
INSERT INTO bdmarvelapi.item (id, name, resource_uri, type, id_comics, id_events, id_series, id_stories, id_creators) VALUES (426, 'X-Men Unlimited (1993 - 2003)', 'http://gateway.marvel.com/v1/public/series/3637', null, null, null, 14, null, null);
INSERT INTO bdmarvelapi.item (id, name, resource_uri, type, id_comics, id_events, id_series, id_stories, id_creators) VALUES (427, 'WEAPON X (2002) #13', 'http://gateway.marvel.com/v1/public/stories/1131', 'cover', null, null, null, 14, null);
INSERT INTO bdmarvelapi.item (id, name, resource_uri, type, id_comics, id_events, id_series, id_stories, id_creators) VALUES (428, '1 of 5 - 5XLS', 'http://gateway.marvel.com/v1/public/stories/4603', 'interiorStory', null, null, null, 14, null);
INSERT INTO bdmarvelapi.item (id, name, resource_uri, type, id_comics, id_events, id_series, id_stories, id_creators) VALUES (429, '2 of 5 - 5XLS', 'http://gateway.marvel.com/v1/public/stories/4605', 'interiorStory', null, null, null, 14, null);
INSERT INTO bdmarvelapi.item (id, name, resource_uri, type, id_comics, id_events, id_series, id_stories, id_creators) VALUES (430, '3 of 5 - 5XLS', 'http://gateway.marvel.com/v1/public/stories/4606', 'cover', null, null, null, 14, null);
INSERT INTO bdmarvelapi.item (id, name, resource_uri, type, id_comics, id_events, id_series, id_stories, id_creators) VALUES (431, '4 of 5 - 5XLS', 'http://gateway.marvel.com/v1/public/stories/4608', 'cover', null, null, null, 14, null);
INSERT INTO bdmarvelapi.item (id, name, resource_uri, type, id_comics, id_events, id_series, id_stories, id_creators) VALUES (432, '5 of 5 - 5XLS', 'http://gateway.marvel.com/v1/public/stories/4610', 'cover', null, null, null, 14, null);
INSERT INTO bdmarvelapi.item (id, name, resource_uri, type, id_comics, id_events, id_series, id_stories, id_creators) VALUES (433, 'The Hunted Part 2', 'http://gateway.marvel.com/v1/public/stories/28706', 'interiorStory', null, null, null, 14, null);
INSERT INTO bdmarvelapi.item (id, name, resource_uri, type, id_comics, id_events, id_series, id_stories, id_creators) VALUES (434, 'The Hunted Part 5', 'http://gateway.marvel.com/v1/public/stories/28712', 'interiorStory', null, null, null, 14, null);
INSERT INTO bdmarvelapi.item (id, name, resource_uri, type, id_comics, id_events, id_series, id_stories, id_creators) VALUES (435, 'The Logan Files Epilogue', 'http://gateway.marvel.com/v1/public/stories/28738', 'interiorStory', null, null, null, 14, null);
INSERT INTO bdmarvelapi.item (id, name, resource_uri, type, id_comics, id_events, id_series, id_stories, id_creators) VALUES (436, 'Counting Coup', 'http://gateway.marvel.com/v1/public/stories/28881', 'interiorStory', null, null, null, 14, null);
INSERT INTO bdmarvelapi.item (id, name, resource_uri, type, id_comics, id_events, id_series, id_stories, id_creators) VALUES (437, 'Nightmare Quest!', 'http://gateway.marvel.com/v1/public/stories/28883', 'interiorStory', null, null, null, 14, null);
INSERT INTO bdmarvelapi.item (id, name, resource_uri, type, id_comics, id_events, id_series, id_stories, id_creators) VALUES (438, 'Reunion!', 'http://gateway.marvel.com/v1/public/stories/28885', 'interiorStory', null, null, null, 14, null);
INSERT INTO bdmarvelapi.item (id, name, resource_uri, type, id_comics, id_events, id_series, id_stories, id_creators) VALUES (439, 'Bastions of Glory!', 'http://gateway.marvel.com/v1/public/stories/28887', 'interiorStory', null, null, null, 14, null);
INSERT INTO bdmarvelapi.item (id, name, resource_uri, type, id_comics, id_events, id_series, id_stories, id_creators) VALUES (440, 'What Goes Around...', 'http://gateway.marvel.com/v1/public/stories/28889', 'interiorStory', null, null, null, 14, null);
INSERT INTO bdmarvelapi.item (id, name, resource_uri, type, id_comics, id_events, id_series, id_stories, id_creators) VALUES (441, 'Valley O'' Death', 'http://gateway.marvel.com/v1/public/stories/28895', 'interiorStory', null, null, null, 14, null);
INSERT INTO bdmarvelapi.item (id, name, resource_uri, type, id_comics, id_events, id_series, id_stories, id_creators) VALUES (442, 'Epsilon Red', 'http://gateway.marvel.com/v1/public/stories/28897', 'interiorStory', null, null, null, 14, null);
INSERT INTO bdmarvelapi.item (id, name, resource_uri, type, id_comics, id_events, id_series, id_stories, id_creators) VALUES (443, 'Showdown In Lowtown', 'http://gateway.marvel.com/v1/public/stories/28941', 'interiorStory', null, null, null, 14, null);
INSERT INTO bdmarvelapi.item (id, name, resource_uri, type, id_comics, id_events, id_series, id_stories, id_creators) VALUES (444, 'Last Stand', 'http://gateway.marvel.com/v1/public/stories/29125', 'interiorStory', null, null, null, 14, null);
INSERT INTO bdmarvelapi.item (id, name, resource_uri, type, id_comics, id_events, id_series, id_stories, id_creators) VALUES (445, 'Over...Again', 'http://gateway.marvel.com/v1/public/stories/29139', 'interiorStory', null, null, null, 14, null);
INSERT INTO bdmarvelapi.item (id, name, resource_uri, type, id_comics, id_events, id_series, id_stories, id_creators) VALUES (446, 'Second Contact', 'http://gateway.marvel.com/v1/public/stories/38511', 'interiorStory', null, null, null, 14, null);
INSERT INTO bdmarvelapi.item (id, name, resource_uri, type, id_comics, id_events, id_series, id_stories, id_creators) VALUES (447, 'Agents of Atlas (2019) #1', 'http://gateway.marvel.com/v1/public/comics/77001', null, 15, null, null, null, null);
INSERT INTO bdmarvelapi.item (id, name, resource_uri, type, id_comics, id_events, id_series, id_stories, id_creators) VALUES (448, 'Agents of Atlas (2009) #1', 'http://gateway.marvel.com/v1/public/comics/23659', null, 15, null, null, null, null);
INSERT INTO bdmarvelapi.item (id, name, resource_uri, type, id_comics, id_events, id_series, id_stories, id_creators) VALUES (449, 'Agents of Atlas (2006) #1', 'http://gateway.marvel.com/v1/public/comics/4801', null, 15, null, null, null, null);
INSERT INTO bdmarvelapi.item (id, name, resource_uri, type, id_comics, id_events, id_series, id_stories, id_creators) VALUES (450, 'Agents of Atlas (2009) #1 (50/50 COVER)', 'http://gateway.marvel.com/v1/public/comics/23660', null, 15, null, null, null, null);
INSERT INTO bdmarvelapi.item (id, name, resource_uri, type, id_comics, id_events, id_series, id_stories, id_creators) VALUES (451, 'Agents of Atlas (2006) #2', 'http://gateway.marvel.com/v1/public/comics/5089', null, 15, null, null, null, null);
INSERT INTO bdmarvelapi.item (id, name, resource_uri, type, id_comics, id_events, id_series, id_stories, id_creators) VALUES (452, 'Agents of Atlas (2009) #2', 'http://gateway.marvel.com/v1/public/comics/23825', null, 15, null, null, null, null);
INSERT INTO bdmarvelapi.item (id, name, resource_uri, type, id_comics, id_events, id_series, id_stories, id_creators) VALUES (453, 'Agents of Atlas (2009) #2 (BACHALO 2ND PRINTING VARIANT)', 'http://gateway.marvel.com/v1/public/comics/27402', null, 15, null, null, null, null);
INSERT INTO bdmarvelapi.item (id, name, resource_uri, type, id_comics, id_events, id_series, id_stories, id_creators) VALUES (454, 'Agents of Atlas (2009) #2 (MCGUINNESS VARIANT)', 'http://gateway.marvel.com/v1/public/comics/23824', null, 15, null, null, null, null);
INSERT INTO bdmarvelapi.item (id, name, resource_uri, type, id_comics, id_events, id_series, id_stories, id_creators) VALUES (455, 'Agents of Atlas (2006) #3', 'http://gateway.marvel.com/v1/public/comics/5241', null, 15, null, null, null, null);
INSERT INTO bdmarvelapi.item (id, name, resource_uri, type, id_comics, id_events, id_series, id_stories, id_creators) VALUES (456, 'Agents of Atlas (2009) #3', 'http://gateway.marvel.com/v1/public/comics/24015', null, 15, null, null, null, null);
INSERT INTO bdmarvelapi.item (id, name, resource_uri, type, id_comics, id_events, id_series, id_stories, id_creators) VALUES (457, 'Agents of Atlas (2009) #3 (MCGUINNESS VARIANT)', 'http://gateway.marvel.com/v1/public/comics/24016', null, 15, null, null, null, null);
INSERT INTO bdmarvelapi.item (id, name, resource_uri, type, id_comics, id_events, id_series, id_stories, id_creators) VALUES (458, 'Agents of Atlas (2009) #3 (Wolverine Art Appreciation Variant)', 'http://gateway.marvel.com/v1/public/comics/24017', null, 15, null, null, null, null);
INSERT INTO bdmarvelapi.item (id, name, resource_uri, type, id_comics, id_events, id_series, id_stories, id_creators) VALUES (459, 'Agents of Atlas (2006) #4', 'http://gateway.marvel.com/v1/public/comics/5404', null, 15, null, null, null, null);
INSERT INTO bdmarvelapi.item (id, name, resource_uri, type, id_comics, id_events, id_series, id_stories, id_creators) VALUES (460, 'Agents of Atlas (2009) #4', 'http://gateway.marvel.com/v1/public/comics/24219', null, 15, null, null, null, null);
INSERT INTO bdmarvelapi.item (id, name, resource_uri, type, id_comics, id_events, id_series, id_stories, id_creators) VALUES (461, 'Agents of Atlas (2006) #5', 'http://gateway.marvel.com/v1/public/comics/5665', null, 15, null, null, null, null);
INSERT INTO bdmarvelapi.item (id, name, resource_uri, type, id_comics, id_events, id_series, id_stories, id_creators) VALUES (462, 'Agents of Atlas (2009) #5', 'http://gateway.marvel.com/v1/public/comics/24221', null, 15, null, null, null, null);
INSERT INTO bdmarvelapi.item (id, name, resource_uri, type, id_comics, id_events, id_series, id_stories, id_creators) VALUES (463, 'Agents of Atlas (2009) #5 (MCGUINNESS VARIANT)', 'http://gateway.marvel.com/v1/public/comics/24222', null, 15, null, null, null, null);
INSERT INTO bdmarvelapi.item (id, name, resource_uri, type, id_comics, id_events, id_series, id_stories, id_creators) VALUES (464, 'Agents of Atlas (2006) #6', 'http://gateway.marvel.com/v1/public/comics/5842', null, 15, null, null, null, null);
INSERT INTO bdmarvelapi.item (id, name, resource_uri, type, id_comics, id_events, id_series, id_stories, id_creators) VALUES (465, 'Agents of Atlas (2009) #6', 'http://gateway.marvel.com/v1/public/comics/24360', null, 15, null, null, null, null);
INSERT INTO bdmarvelapi.item (id, name, resource_uri, type, id_comics, id_events, id_series, id_stories, id_creators) VALUES (466, 'Agents of Atlas (2009) #7', 'http://gateway.marvel.com/v1/public/comics/24361', null, 15, null, null, null, null);
INSERT INTO bdmarvelapi.item (id, name, resource_uri, type, id_comics, id_events, id_series, id_stories, id_creators) VALUES (467, 'Dark Reign', 'http://gateway.marvel.com/v1/public/events/318', null, null, 15, null, null, null);
INSERT INTO bdmarvelapi.item (id, name, resource_uri, type, id_comics, id_events, id_series, id_stories, id_creators) VALUES (468, 'Agents of Atlas (2019)', 'http://gateway.marvel.com/v1/public/series/27624', null, null, null, 15, null, null);
INSERT INTO bdmarvelapi.item (id, name, resource_uri, type, id_comics, id_events, id_series, id_stories, id_creators) VALUES (469, 'Agents of Atlas (2006 - 2007)', 'http://gateway.marvel.com/v1/public/series/1097', null, null, null, 15, null, null);
INSERT INTO bdmarvelapi.item (id, name, resource_uri, type, id_comics, id_events, id_series, id_stories, id_creators) VALUES (470, 'Agents of Atlas (2009)', 'http://gateway.marvel.com/v1/public/series/6807', null, null, null, 15, null, null);
INSERT INTO bdmarvelapi.item (id, name, resource_uri, type, id_comics, id_events, id_series, id_stories, id_creators) VALUES (471, 'AGENTS OF ATLAS PREMIERE HC (2007)', 'http://gateway.marvel.com/v1/public/series/1980', null, null, null, 15, null, null);
INSERT INTO bdmarvelapi.item (id, name, resource_uri, type, id_comics, id_events, id_series, id_stories, id_creators) VALUES (472, 'Agents of Atlas: The Complete Collection Vol. 1 (2018)', 'http://gateway.marvel.com/v1/public/series/24134', null, null, null, 15, null, null);
INSERT INTO bdmarvelapi.item (id, name, resource_uri, type, id_comics, id_events, id_series, id_stories, id_creators) VALUES (473, 'Atlantis Attacks (2020)', 'http://gateway.marvel.com/v1/public/series/29600', null, null, null, 15, null, null);
INSERT INTO bdmarvelapi.item (id, name, resource_uri, type, id_comics, id_events, id_series, id_stories, id_creators) VALUES (474, 'Atlas (2010)', 'http://gateway.marvel.com/v1/public/series/9782', null, null, null, 15, null, null);
INSERT INTO bdmarvelapi.item (id, name, resource_uri, type, id_comics, id_events, id_series, id_stories, id_creators) VALUES (475, 'Avengers Vs. Atlas (2010)', 'http://gateway.marvel.com/v1/public/series/9181', null, null, null, 15, null, null);
INSERT INTO bdmarvelapi.item (id, name, resource_uri, type, id_comics, id_events, id_series, id_stories, id_creators) VALUES (476, 'Dark Reign: New Nation (2008)', 'http://gateway.marvel.com/v1/public/series/6415', null, null, null, 15, null, null);
INSERT INTO bdmarvelapi.item (id, name, resource_uri, type, id_comics, id_events, id_series, id_stories, id_creators) VALUES (477, 'Incoming! (2019)', 'http://gateway.marvel.com/v1/public/series/27620', null, null, null, 15, null, null);
INSERT INTO bdmarvelapi.item (id, name, resource_uri, type, id_comics, id_events, id_series, id_stories, id_creators) VALUES (478, 'War of the Realms: New Agents of Atlas (2019)', 'http://gateway.marvel.com/v1/public/series/27505', null, null, null, 15, null, null);
INSERT INTO bdmarvelapi.item (id, name, resource_uri, type, id_comics, id_events, id_series, id_stories, id_creators) VALUES (479, 'War Of The Realms: New Agents Of Atlas (2019)', 'http://gateway.marvel.com/v1/public/series/27374', null, null, null, 15, null, null);
INSERT INTO bdmarvelapi.item (id, name, resource_uri, type, id_comics, id_events, id_series, id_stories, id_creators) VALUES (480, 'Wolverine: Prehistory (2017)', 'http://gateway.marvel.com/v1/public/series/22365', null, null, null, 15, null, null);
INSERT INTO bdmarvelapi.item (id, name, resource_uri, type, id_comics, id_events, id_series, id_stories, id_creators) VALUES (481, '1 of 6 - 6 XLS-', 'http://gateway.marvel.com/v1/public/stories/6008', 'cover', null, null, null, 15, null);
INSERT INTO bdmarvelapi.item (id, name, resource_uri, type, id_comics, id_events, id_series, id_stories, id_creators) VALUES (482, '1 of 6 - 6 XLS-', 'http://gateway.marvel.com/v1/public/stories/6009', 'interiorStory', null, null, null, 15, null);
INSERT INTO bdmarvelapi.item (id, name, resource_uri, type, id_comics, id_events, id_series, id_stories, id_creators) VALUES (483, '2 of 6 - 6 XLS -', 'http://gateway.marvel.com/v1/public/stories/6010', 'cover', null, null, null, 15, null);
INSERT INTO bdmarvelapi.item (id, name, resource_uri, type, id_comics, id_events, id_series, id_stories, id_creators) VALUES (484, '2 of 6 - 6 XLS -', 'http://gateway.marvel.com/v1/public/stories/6011', 'interiorStory', null, null, null, 15, null);
INSERT INTO bdmarvelapi.item (id, name, resource_uri, type, id_comics, id_events, id_series, id_stories, id_creators) VALUES (485, '3 of 6 - 6 XLS -', 'http://gateway.marvel.com/v1/public/stories/6012', 'cover', null, null, null, 15, null);
INSERT INTO bdmarvelapi.item (id, name, resource_uri, type, id_comics, id_events, id_series, id_stories, id_creators) VALUES (486, '3 of 6 - 6 XLS -', 'http://gateway.marvel.com/v1/public/stories/6013', 'interiorStory', null, null, null, 15, null);
INSERT INTO bdmarvelapi.item (id, name, resource_uri, type, id_comics, id_events, id_series, id_stories, id_creators) VALUES (487, '4 of 6 - 6 XLS -', 'http://gateway.marvel.com/v1/public/stories/6014', 'cover', null, null, null, 15, null);
INSERT INTO bdmarvelapi.item (id, name, resource_uri, type, id_comics, id_events, id_series, id_stories, id_creators) VALUES (488, '4 of 6 - 6 XLS -', 'http://gateway.marvel.com/v1/public/stories/6015', 'interiorStory', null, null, null, 15, null);
INSERT INTO bdmarvelapi.item (id, name, resource_uri, type, id_comics, id_events, id_series, id_stories, id_creators) VALUES (489, '5 of 6 - 6 XLS -', 'http://gateway.marvel.com/v1/public/stories/6016', 'cover', null, null, null, 15, null);
INSERT INTO bdmarvelapi.item (id, name, resource_uri, type, id_comics, id_events, id_series, id_stories, id_creators) VALUES (490, '5 of 6 - 6 XLS -', 'http://gateway.marvel.com/v1/public/stories/6017', 'interiorStory', null, null, null, 15, null);
INSERT INTO bdmarvelapi.item (id, name, resource_uri, type, id_comics, id_events, id_series, id_stories, id_creators) VALUES (491, '5 of 6 - Story A - 6XLS', 'http://gateway.marvel.com/v1/public/stories/6018', 'cover', null, null, null, 15, null);
INSERT INTO bdmarvelapi.item (id, name, resource_uri, type, id_comics, id_events, id_series, id_stories, id_creators) VALUES (492, '5 of 6 - Story A - 6XLS', 'http://gateway.marvel.com/v1/public/stories/6019', 'interiorStory', null, null, null, 15, null);
INSERT INTO bdmarvelapi.item (id, name, resource_uri, type, id_comics, id_events, id_series, id_stories, id_creators) VALUES (493, '1 of 1', 'http://gateway.marvel.com/v1/public/stories/51050', 'cover', null, null, null, 15, null);
INSERT INTO bdmarvelapi.item (id, name, resource_uri, type, id_comics, id_events, id_series, id_stories, id_creators) VALUES (494, '1 of 3', 'http://gateway.marvel.com/v1/public/stories/52393', 'interiorStory', null, null, null, 15, null);
INSERT INTO bdmarvelapi.item (id, name, resource_uri, type, id_comics, id_events, id_series, id_stories, id_creators) VALUES (495, '1 of 3', 'http://gateway.marvel.com/v1/public/stories/52395', 'interiorStory', null, null, null, 15, null);
INSERT INTO bdmarvelapi.item (id, name, resource_uri, type, id_comics, id_events, id_series, id_stories, id_creators) VALUES (496, '2 of 3', 'http://gateway.marvel.com/v1/public/stories/52861', 'interiorStory', null, null, null, 15, null);
INSERT INTO bdmarvelapi.item (id, name, resource_uri, type, id_comics, id_events, id_series, id_stories, id_creators) VALUES (497, '2 of 3', 'http://gateway.marvel.com/v1/public/stories/52863', 'interiorStory', null, null, null, 15, null);
INSERT INTO bdmarvelapi.item (id, name, resource_uri, type, id_comics, id_events, id_series, id_stories, id_creators) VALUES (498, '3 of 3', 'http://gateway.marvel.com/v1/public/stories/53263', 'interiorStory', null, null, null, 15, null);
INSERT INTO bdmarvelapi.item (id, name, resource_uri, type, id_comics, id_events, id_series, id_stories, id_creators) VALUES (499, '3 of 3', 'http://gateway.marvel.com/v1/public/stories/53265', 'interiorStory', null, null, null, 15, null);
INSERT INTO bdmarvelapi.item (id, name, resource_uri, type, id_comics, id_events, id_series, id_stories, id_creators) VALUES (500, '3 of 3', 'http://gateway.marvel.com/v1/public/stories/53266', 'interiorStory', null, null, null, 15, null);
INSERT INTO bdmarvelapi.item (id, name, resource_uri, type, id_comics, id_events, id_series, id_stories, id_creators) VALUES (501, 'Annihilation: Silver Surfer (2006) #1', 'http://gateway.marvel.com/v1/public/comics/4108', null, 17, null, null, null, null);
INSERT INTO bdmarvelapi.item (id, name, resource_uri, type, id_comics, id_events, id_series, id_stories, id_creators) VALUES (502, 'Heroes Reborn: Iron Man (Trade Paperback)', 'http://gateway.marvel.com/v1/public/comics/5589', null, 17, null, null, null, null);
INSERT INTO bdmarvelapi.item (id, name, resource_uri, type, id_comics, id_events, id_series, id_stories, id_creators) VALUES (503, 'Iron Man (1996) #11', 'http://gateway.marvel.com/v1/public/comics/16330', null, 17, null, null, null, null);
INSERT INTO bdmarvelapi.item (id, name, resource_uri, type, id_comics, id_events, id_series, id_stories, id_creators) VALUES (504, 'Iron Man (1996) #12', 'http://gateway.marvel.com/v1/public/comics/16331', null, 17, null, null, null, null);
INSERT INTO bdmarvelapi.item (id, name, resource_uri, type, id_comics, id_events, id_series, id_stories, id_creators) VALUES (505, 'Annihilation', 'http://gateway.marvel.com/v1/public/events/229', null, null, 17, null, null, null);
INSERT INTO bdmarvelapi.item (id, name, resource_uri, type, id_comics, id_events, id_series, id_stories, id_creators) VALUES (506, 'Annihilation: Silver Surfer (2006)', 'http://gateway.marvel.com/v1/public/series/1078', null, null, null, 17, null, null);
INSERT INTO bdmarvelapi.item (id, name, resource_uri, type, id_comics, id_events, id_series, id_stories, id_creators) VALUES (507, 'Heroes Reborn: Iron Man (2006)', 'http://gateway.marvel.com/v1/public/series/1814', null, null, null, 17, null, null);
INSERT INTO bdmarvelapi.item (id, name, resource_uri, type, id_comics, id_events, id_series, id_stories, id_creators) VALUES (508, 'Iron Man (1996 - 1998)', 'http://gateway.marvel.com/v1/public/series/13577', null, null, null, 17, null, null);
INSERT INTO bdmarvelapi.item (id, name, resource_uri, type, id_comics, id_events, id_series, id_stories, id_creators) VALUES (509, 'Annihilation: Silver Surfer (2006) #1', 'http://gateway.marvel.com/v1/public/stories/5925', 'cover', null, null, null, 17, null);
INSERT INTO bdmarvelapi.item (id, name, resource_uri, type, id_comics, id_events, id_series, id_stories, id_creators) VALUES (510, 'Magical Mystery Tour', 'http://gateway.marvel.com/v1/public/stories/34082', 'interiorStory', null, null, null, 17, null);
INSERT INTO bdmarvelapi.item (id, name, resource_uri, type, id_comics, id_events, id_series, id_stories, id_creators) VALUES (511, 'Matters of the Heart', 'http://gateway.marvel.com/v1/public/stories/34085', 'interiorStory', null, null, null, 17, null);
INSERT INTO bdmarvelapi.item (id, name, resource_uri, type, id_comics, id_events, id_series, id_stories, id_creators) VALUES (512, 'Incredible Hercules (2008) #117', 'http://gateway.marvel.com/v1/public/comics/21175', null, 18, null, null, null, null);
INSERT INTO bdmarvelapi.item (id, name, resource_uri, type, id_comics, id_events, id_series, id_stories, id_creators) VALUES (513, 'Incredible Hercules (2008) #118', 'http://gateway.marvel.com/v1/public/comics/21324', null, 18, null, null, null, null);
INSERT INTO bdmarvelapi.item (id, name, resource_uri, type, id_comics, id_events, id_series, id_stories, id_creators) VALUES (514, 'Incredible Hercules (2008) #119', 'http://gateway.marvel.com/v1/public/comics/21505', null, 18, null, null, null, null);
INSERT INTO bdmarvelapi.item (id, name, resource_uri, type, id_comics, id_events, id_series, id_stories, id_creators) VALUES (515, 'Incredible Hercules (2008) #120', 'http://gateway.marvel.com/v1/public/comics/21707', null, 18, null, null, null, null);
INSERT INTO bdmarvelapi.item (id, name, resource_uri, type, id_comics, id_events, id_series, id_stories, id_creators) VALUES (516, 'Secret Invasion', 'http://gateway.marvel.com/v1/public/events/269', null, null, 18, null, null, null);
INSERT INTO bdmarvelapi.item (id, name, resource_uri, type, id_comics, id_events, id_series, id_stories, id_creators) VALUES (517, 'Incredible Hercules (2008 - 2010)', 'http://gateway.marvel.com/v1/public/series/3762', null, null, null, 18, null, null);
INSERT INTO bdmarvelapi.item (id, name, resource_uri, type, id_comics, id_events, id_series, id_stories, id_creators) VALUES (518, 'Incredible Hercules (2008) #117', 'http://gateway.marvel.com/v1/public/stories/46776', 'cover', null, null, null, 18, null);
INSERT INTO bdmarvelapi.item (id, name, resource_uri, type, id_comics, id_events, id_series, id_stories, id_creators) VALUES (519, 'Interior #46777', 'http://gateway.marvel.com/v1/public/stories/46777', 'interiorStory', null, null, null, 18, null);
INSERT INTO bdmarvelapi.item (id, name, resource_uri, type, id_comics, id_events, id_series, id_stories, id_creators) VALUES (520, 'Incredible Hercules (2008) #118', 'http://gateway.marvel.com/v1/public/stories/47097', 'cover', null, null, null, 18, null);
INSERT INTO bdmarvelapi.item (id, name, resource_uri, type, id_comics, id_events, id_series, id_stories, id_creators) VALUES (521, 'Interior #47098', 'http://gateway.marvel.com/v1/public/stories/47098', 'interiorStory', null, null, null, 18, null);
INSERT INTO bdmarvelapi.item (id, name, resource_uri, type, id_comics, id_events, id_series, id_stories, id_creators) VALUES (522, 'Incredible Hercules (2008) #119', 'http://gateway.marvel.com/v1/public/stories/47415', 'cover', null, null, null, 18, null);
INSERT INTO bdmarvelapi.item (id, name, resource_uri, type, id_comics, id_events, id_series, id_stories, id_creators) VALUES (523, '3 of 4 - Secret Invasion', 'http://gateway.marvel.com/v1/public/stories/47416', 'interiorStory', null, null, null, 18, null);
INSERT INTO bdmarvelapi.item (id, name, resource_uri, type, id_comics, id_events, id_series, id_stories, id_creators) VALUES (524, 'Incredible Hercules (2008) #120', 'http://gateway.marvel.com/v1/public/stories/47721', 'cover', null, null, null, 18, null);
INSERT INTO bdmarvelapi.item (id, name, resource_uri, type, id_comics, id_events, id_series, id_stories, id_creators) VALUES (525, '4 of 4 - Secret Invasion', 'http://gateway.marvel.com/v1/public/stories/47722', 'interiorStory', null, null, null, 18, null);
INSERT INTO bdmarvelapi.item (id, name, resource_uri, type, id_comics, id_events, id_series, id_stories, id_creators) VALUES (526, '3 of 3', 'http://gateway.marvel.com/v1/public/stories/53266', 'interiorStory', null, null, null, null, 1);